id,created_time,creator_id,modified_time,modifier_id,is_deleted,name,group,path,is_exist,order_num,file_type,ext,status,searchable,filterable,quickSearch,active
11,2024-02-01 14:31:22.082471,1,2024-07-21 07:00:46.437177,1,0,喵次元,t4/spiders,t4/spiders/喵次元.py,True,11,.py,,1,1,1,0,True
12,2024-02-01 14:31:22.085792,1,2024-07-21 07:00:46.445319,1,0,新浪资源,t4/spiders,t4/spiders/新浪资源.py,True,12,.py,,1,1,1,0,True
13,2024-02-01 14:31:22.089587,1,2024-07-21 07:00:46.449095,1,0,樱花动漫,t4/spiders,t4/spiders/樱花动漫.json,True,9999,.json,,1,0,0,0,True
320,2024-05-25 15:45:01.740150,1,2024-07-21 07:00:46.581214,1,0,iFun,t4/files/drpy_js,t4/files/drpy_js/iFun.js,True,314,.js,,1,1,1,0,True
285,2024-05-16 08:22:11.907660,1,2024-07-21 07:00:46.974882,1,0,孜然影视,t4/files/drpy_js,t4/files/drpy_js/孜然影视.js,True,279,.js,,1,1,0,0,True
287,2024-05-16 08:22:12.153112,1,2024-07-21 07:00:47.050026,1,0,快看影视,t4/files/drpy_js,t4/files/drpy_js/快看影视.js,True,281,.js,,1,1,0,0,True
267,2024-05-15 06:21:15.245255,1,2024-07-21 07:00:47.053733,1,0,思古影视[V2],t4/files/drpy_js,t4/files/drpy_js/思古影视[V2].js,True,261,.js,,1,1,1,0,True
344,2024-05-30 18:55:04.441384,1,2024-07-21 07:00:47.140238,1,0,易搜[搜],t4/files/drpy_js,t4/files/drpy_js/易搜[搜].js,True,338,.js,,1,1,0,0,True
283,2024-05-16 08:22:11.800032,1,2024-07-21 07:00:47.153693,1,0,星云影视,t4/files/drpy_js,t4/files/drpy_js/星云影视.js,True,277,.js,,1,1,0,0,True
332,2024-05-28 03:41:22.842135,1,2024-07-21 07:00:47.316534,1,0,爱看hd,t4/files/drpy_js,t4/files/drpy_js/爱看hd.js,True,326,.js,,1,1,0,0,True
354,2024-06-05 15:25:08.439074,1,2024-07-21 07:00:47.378952,1,0,番茄小说[书],t4/files/drpy_js,t4/files/drpy_js/番茄小说[书].js,True,348,.js,,1,1,1,0,True
319,2024-05-25 15:45:01.602023,1,2024-07-21 07:00:47.414653,1,0,看客影院,t4/files/drpy_js,t4/files/drpy_js/看客影院.js,True,313,.js,,1,1,0,0,True
279,2024-05-16 08:22:11.695928,1,2024-07-21 07:00:47.426519,1,0,看看影视,t4/files/drpy_js,t4/files/drpy_js/看看影视.js,True,273,.js,,1,1,0,0,True
362,2024-06-08 01:52:31.762835,1,2024-07-21 07:00:47.790446,1,0,黑料不打烊-z,t4/files/drpy_js,t4/files/drpy_js/黑料不打烊-z.js,True,356,.js,,1,1,1,0,True
318,2024-05-25 15:45:01.302243,1,2024-07-21 07:00:47.800045,1,0,黑木耳资源[资],t4/files/drpy_js,t4/files/drpy_js/黑木耳资源[资].js,True,312,.js,,1,1,0,1,True
25,2024-02-01 14:31:22.131846,1,2024-07-21 07:00:47.807414,1,0,alist,t4/files/drpy_libs,t4/files/drpy_libs/alist.js,True,25,.js,,1,0,0,0,True
27,2024-02-01 14:31:22.138315,1,2024-07-21 07:00:47.815884,1,0,atob,t4/files/drpy_libs,t4/files/drpy_libs/atob.js,True,27,.js,,1,0,0,0,True
28,2024-02-01 14:31:22.141613,1,2024-07-21 07:00:47.819497,1,0,base64,t4/files/drpy_libs,t4/files/drpy_libs/base64.js,True,28,.js,,1,0,0,0,True
29,2024-02-01 14:31:22.144645,1,2024-07-21 07:00:47.823781,1,0,cheerio.min,t4/files/drpy_libs,t4/files/drpy_libs/cheerio.min.js,True,29,.js,,1,0,0,0,True
30,2024-02-01 14:31:22.147509,1,2024-07-21 07:00:47.828761,1,0,crypto-hiker,t4/files/drpy_libs,t4/files/drpy_libs/crypto-hiker.js,True,30,.js,,1,0,0,0,True
31,2024-02-01 14:31:22.150591,1,2024-07-21 07:00:47.832698,1,0,crypto-js,t4/files/drpy_libs,t4/files/drpy_libs/crypto-js.js,True,31,.js,,1,0,0,0,True
33,2024-02-01 14:31:22.158067,1,2024-07-21 07:00:47.836449,1,0,drpy2,t4/files/drpy_libs,t4/files/drpy_libs/drpy2.js,True,33,.js,,1,0,0,0,True
34,2024-02-01 14:31:22.161255,1,2024-07-21 07:00:47.840372,1,0,drpy2.min,t4/files/drpy_libs,t4/files/drpy_libs/drpy2.min.js,True,34,.js,,1,0,0,0,True
35,2024-02-01 14:31:22.164177,1,2024-07-21 07:00:47.849160,1,0,drT,t4/files/drpy_libs,t4/files/drpy_libs/drT.js,True,35,.js,,1,0,0,0,True
36,2024-02-01 14:31:22.167772,1,2024-07-21 07:00:47.852876,1,0,es6py,t4/files/drpy_libs,t4/files/drpy_libs/es6py.js,True,36,.js,,1,0,0,0,True
37,2024-02-01 14:31:22.171107,1,2024-07-21 07:00:47.856727,1,0,exRegExp,t4/files/drpy_libs,t4/files/drpy_libs/exRegExp.js,True,37,.js,,1,0,0,0,True
38,2024-02-01 14:31:22.174162,1,2024-07-21 07:00:47.861554,1,0,gbk,t4/files/drpy_libs,t4/files/drpy_libs/gbk.js,True,38,.js,,1,0,0,0,True
39,2024-02-01 14:31:22.177056,1,2024-07-21 07:00:47.892983,1,0,live2cms,t4/files/drpy_libs,t4/files/drpy_libs/live2cms.js,True,39,.js,,1,0,0,0,True
40,2024-02-01 14:31:22.179776,1,2024-07-21 07:00:47.897236,1,0,mod,t4/files/drpy_libs,t4/files/drpy_libs/mod.js,True,40,.js,,1,0,0,0,True
64,2024-02-05 09:48:57.436728,1,2024-07-21 07:00:47.913883,1,0,qjs_env,t4/files/drpy_libs,t4/files/drpy_libs/qjs_env.js,True,64,.js,,1,0,0,0,True
41,2024-02-01 14:31:22.183051,1,2024-07-21 07:00:47.917760,1,0,rsa,t4/files/drpy_libs,t4/files/drpy_libs/rsa.js,True,41,.js,,1,0,0,0,True
42,2024-02-01 14:31:22.187826,1,2024-07-21 07:00:47.921995,1,0,searchFilter,t4/files/drpy_libs,t4/files/drpy_libs/searchFilter.js,True,42,.js,,1,0,0,0,True
43,2024-02-01 14:31:22.191456,1,2024-07-21 07:00:47.926501,1,0,sortName,t4/files/drpy_libs,t4/files/drpy_libs/sortName.js,True,43,.js,,1,0,0,0,True
44,2024-02-01 14:31:22.194524,1,2024-07-21 07:00:47.939298,1,0,模板,t4/files/drpy_libs,t4/files/drpy_libs/模板.js,True,44,.js,,1,0,0,0,True
45,2024-02-01 14:31:22.197684,1,2024-07-21 07:00:47.956661,1,0,alist,t4/files/json,t4/files/json/alist.json,True,45,.json,,1,0,0,0,True
49,2024-02-01 14:31:22.214129,1,2024-07-21 07:00:48.103143,1,0,douyu,t4/files/txt,t4/files/txt/douyu.txt,True,49,.txt,,1,0,0,0,True
50,2024-02-01 14:31:22.217894,1,2024-07-21 07:00:48.107409,1,0,huya,t4/files/txt,t4/files/txt/huya.txt,True,50,.txt,,1,0,0,0,True
76,2024-02-20 16:25:29.526731,1,2024-07-21 07:00:48.125163,1,0,tv,t4/files/txt,t4/files/txt/tv.txt,True,70,.txt,,1,0,0,0,True
62,2024-02-04 14:21:09.849102,1,2024-07-21 07:00:48.133651,1,0,zb,t4/files/txt,t4/files/txt/zb.txt,True,62,.txt,,1,0,0,0,True
80,2024-03-08 15:53:21.072166,1,2024-07-21 07:00:48.199155,1,0,drpy3,t4/files/drpy3_libs,t4/files/drpy3_libs/drpy3.js,True,74,.js,,1,0,0,0,True
92,2024-03-10 11:22:54.436023,1,2024-07-21 07:00:48.254690,1,0,banan,t4/files/drpy3_js,t4/files/drpy3_js/banan.js,True,86,.js,,1,0,0,0,True
54,2024-02-02 15:59:25.736026,1,2024-07-21 07:08:44.361760,4,0,在线之家,t4/files/drpy_js,t4/files/drpy_js/在线之家.js,True,54,.js,,1,1,1,0,True
4,2024-02-01 14:31:22.053370,1,2024-07-21 07:00:46.397800,1,0,base_spider,t4/spiders,t4/spiders/base_spider.py,True,0,.py,,1,1,1,0,False
6,2024-02-01 14:31:22.061431,1,2024-07-21 07:00:46.405578,1,0,cntv央视,t4/spiders,t4/spiders/cntv央视.py,True,0,.py,{{host}}/files/hipy/cntv央视.json,1,1,1,0,True
7,2024-02-01 14:31:22.066253,1,2024-07-21 07:00:46.417563,1,0,test_1,t4/spiders,t4/spiders/test_1.txt,True,9999,.txt,,1,0,0,0,True
8,2024-02-01 14:31:22.069500,1,2024-07-21 07:00:46.421415,1,0,两个BT,t4/spiders,t4/spiders/两个BT.json,True,9999,.json,,1,0,0,0,True
9,2024-02-01 14:31:22.073461,1,2024-07-21 07:00:46.425423,1,0,两个BT,t4/spiders,t4/spiders/两个BT.py,True,9,.py,{{host}}/files/hipy/两个BT.json,1,1,1,0,True
381,2024-06-09 18:53:00.718922,1,2024-07-21 07:00:47.747322,1,0,飞翔鸟[书],t4/files/drpy_js,t4/files/drpy_js/飞翔鸟[书].js,True,375,.js,,1,1,1,0,True
60,2024-02-04 14:21:09.834304,1,2024-07-21 07:00:47.969542,1,0,E8plus,t4/files/json,t4/files/json/E8plus.json,True,60,.json,,1,0,0,0,True
46,2024-02-01 14:31:22.201442,1,2024-07-21 07:00:48.090040,1,0,bili,t4/files/txt,t4/files/txt/bili.txt,True,46,.txt,,1,0,0,0,True
47,2024-02-01 14:31:22.206951,1,2024-07-21 07:00:48.094441,1,0,config,t4/files/txt,t4/files/txt/config.txt,True,47,.txt,,1,0,0,0,True
48,2024-02-01 14:31:22.210714,1,2024-07-21 07:00:48.098659,1,0,custom,t4/files/txt,t4/files/txt/custom.conf,True,48,.conf,,1,0,0,0,True
77,2024-03-08 15:53:20.983010,1,2024-07-21 07:00:48.111879,1,0,mytv,t4/files/txt,t4/files/txt/mytv.txt,True,71,.txt,,1,0,0,0,True
65,2024-02-05 09:48:57.517131,1,2024-07-21 07:00:48.137486,1,0,custom_jsapi,t4/files/jar,t4/files/jar/custom_jsapi.jar,True,65,.jar,,1,0,0,0,True
66,2024-02-05 09:48:57.524729,1,2024-07-21 07:00:48.142165,1,0,custom_spider_dz1201,t4/files/jar,t4/files/jar/custom_spider_dz1201.jar,True,66,.jar,,1,0,0,0,True
67,2024-02-05 09:56:10.488387,1,2024-07-21 07:00:48.160241,1,0,哔哩,t4/files/js_parse_api,t4/files/js_parse_api/哔哩.js,True,67,.js,,1,0,0,0,True
131,2024-03-29 09:09:21.210231,1,2024-07-21 07:00:48.168408,1,0,杰森,t4/files/js_parse_api,t4/files/js_parse_api/杰森.js,True,125,.js,,1,0,0,0,True
78,2024-03-08 15:53:21.065726,1,2024-07-21 07:00:48.185312,1,0,cheerio.min,t4/files/drpy3_libs,t4/files/drpy3_libs/cheerio.min.js,True,72,.js,,1,0,0,0,True
79,2024-03-08 15:53:21.070369,1,2024-07-21 07:00:48.189257,1,0,crypto-js,t4/files/drpy3_libs,t4/files/drpy3_libs/crypto-js.js,True,73,.js,,1,0,0,0,True
125,2024-03-19 11:00:53.115130,1,2024-07-21 07:00:48.194414,1,0,drpy3.hiker,t4/files/drpy3_libs,t4/files/drpy3_libs/drpy3.hiker.js,True,119,.js,,1,0,0,0,True
82,2024-03-08 15:53:21.077160,1,2024-07-21 07:00:48.203103,1,0,gbk,t4/files/drpy3_libs,t4/files/drpy3_libs/gbk.js,True,76,.js,,1,0,0,0,True
83,2024-03-08 15:53:21.079211,1,2024-07-21 07:00:48.219731,1,0,模板,t4/files/drpy3_libs,t4/files/drpy3_libs/模板.js,True,77,.js,,1,0,0,0,True
85,2024-03-10 11:22:54.396452,1,2024-07-21 07:00:48.223479,1,0,1080P,t4/files/drpy3_js,t4/files/drpy3_js/1080P.js,True,79,.js,,1,0,0,0,True
86,2024-03-10 11:22:54.404715,1,2024-07-21 07:00:48.227933,1,0,18av,t4/files/drpy3_js,t4/files/drpy3_js/18av.js,True,80,.js,,1,0,0,0,True
87,2024-03-10 11:22:54.410304,1,2024-07-21 07:00:48.231679,1,0,369影视,t4/files/drpy3_js,t4/files/drpy3_js/369影视.js,True,81,.js,,1,0,0,0,True
88,2024-03-10 11:22:54.415189,1,2024-07-21 07:00:48.235582,1,0,4khdr,t4/files/drpy3_js,t4/files/drpy3_js/4khdr.js,True,82,.js,,1,0,0,0,True
89,2024-03-10 11:22:54.420127,1,2024-07-21 07:00:48.239179,1,0,97tvs,t4/files/drpy3_js,t4/files/drpy3_js/97tvs.js,True,83,.js,,1,0,0,0,True
90,2024-03-10 11:22:54.425029,1,2024-07-21 07:00:48.247258,1,0,aipanso,t4/files/drpy3_js,t4/files/drpy3_js/aipanso.js,True,84,.js,,1,0,0,0,True
91,2024-03-10 11:22:54.431043,1,2024-07-21 07:00:48.251060,1,0,alist,t4/files/drpy3_js,t4/files/drpy3_js/alist.json,True,85,.json,,1,0,0,0,True
93,2024-03-10 11:22:54.441055,1,2024-07-21 07:00:48.258687,1,0,cilixiong,t4/files/drpy3_js,t4/files/drpy3_js/cilixiong.js,True,87,.js,,1,0,0,0,True
95,2024-03-10 11:22:54.451334,1,2024-07-21 07:00:48.267958,1,0,ddys_d,t4/files/drpy3_js,t4/files/drpy3_js/ddys_d.js,True,89,.js,,1,0,0,0,True
96,2024-03-10 11:22:54.456638,1,2024-07-21 07:00:48.271957,1,0,dydhhy,t4/files/drpy3_js,t4/files/drpy3_js/dydhhy.js,True,90,.js,,1,0,0,0,True
97,2024-03-10 11:22:54.461295,1,2024-07-21 07:00:48.275967,1,0,dygang,t4/files/drpy3_js,t4/files/drpy3_js/dygang.js,True,91,.js,,1,0,0,0,True
98,2024-03-10 11:22:54.466196,1,2024-07-21 07:00:48.279793,1,0,funletu,t4/files/drpy3_js,t4/files/drpy3_js/funletu.js,True,92,.js,,1,0,0,0,True
99,2024-03-10 11:22:54.471919,1,2024-07-21 07:00:48.287118,1,0,huya,t4/files/drpy3_js,t4/files/drpy3_js/huya.js,True,93,.js,,1,0,0,0,True
100,2024-03-10 11:22:54.476378,1,2024-07-21 07:00:48.290774,1,0,jianpian,t4/files/drpy3_js,t4/files/drpy3_js/jianpian.js,True,94,.js,,1,0,0,0,True
101,2024-03-10 11:22:54.481020,1,2024-07-21 07:00:48.295335,1,0,jiyingw,t4/files/drpy3_js,t4/files/drpy3_js/jiyingw.js,True,95,.js,,1,0,0,0,True
102,2024-03-10 11:22:54.485559,1,2024-07-21 07:00:48.299683,1,0,jiyingwp,t4/files/drpy3_js,t4/files/drpy3_js/jiyingwp.js,True,96,.js,,1,0,0,0,True
103,2024-03-10 11:22:54.489716,1,2024-07-21 07:00:48.303587,1,0,kkpans,t4/files/drpy3_js,t4/files/drpy3_js/kkpans.js,True,97,.js,,1,0,0,0,True
104,2024-03-10 11:22:54.494281,1,2024-07-21 07:00:48.307654,1,0,kuba,t4/files/drpy3_js,t4/files/drpy3_js/kuba.js,True,98,.js,,1,0,0,0,True
105,2024-03-10 11:22:54.499477,1,2024-07-21 07:00:48.312386,1,0,lf_live,t4/files/drpy3_js,t4/files/drpy3_js/lf_live.txt,True,99,.txt,,1,0,0,0,True
106,2024-03-10 11:22:54.504301,1,2024-07-21 07:00:48.316264,1,0,lf_live1,t4/files/drpy3_js,t4/files/drpy3_js/lf_live1.txt,True,100,.txt,,1,0,0,0,True
114,2024-03-10 11:22:54.541045,1,2024-07-21 07:00:48.350578,1,0,rrdyw,t4/files/drpy3_js,t4/files/drpy3_js/rrdyw.js,True,108,.js,,1,0,0,0,True
116,2024-03-10 11:22:54.551052,1,2024-07-21 07:00:48.354377,1,0,tzfile,t4/files/drpy3_js,t4/files/drpy3_js/tzfile.js,True,110,.js,,1,0,0,0,True
118,2024-03-10 11:22:54.561607,1,2024-07-21 07:00:48.363280,1,0,xzys,t4/files/drpy3_js,t4/files/drpy3_js/xzys.js,True,112,.js,,1,0,0,0,True
119,2024-03-10 11:22:54.566374,1,2024-07-21 07:00:48.367057,1,0,yyets,t4/files/drpy3_js,t4/files/drpy3_js/yyets.js,True,113,.js,,1,0,0,0,True
120,2024-03-10 11:22:54.570699,1,2024-07-21 07:00:48.371235,1,0,yyetsp,t4/files/drpy3_js,t4/files/drpy3_js/yyetsp.js,True,114,.js,,1,0,0,0,True
121,2024-03-10 11:22:54.575765,1,2024-07-21 07:00:48.376131,1,0,养端,t4/files/drpy3_js,t4/files/drpy3_js/养端.js,True,115,.js,,1,0,0,0,True
122,2024-03-10 11:22:54.581446,1,2024-07-21 07:00:48.401902,1,0,吸瓜,t4/files/drpy3_js,t4/files/drpy3_js/吸瓜.js,True,116,.js,,1,0,0,0,True
135,2024-05-06 13:28:59.334848,1,2024-07-21 07:00:46.429661,1,0,厂长资源,t4/spiders,t4/spiders/厂长资源.py,True,129,.py,,1,1,1,0,True
441,2024-06-17 16:35:37.502432,1,2024-07-21 07:00:46.532782,1,0,88看球[球],t4/files/drpy_js,t4/files/drpy_js/88看球[球].js,True,435,.js,,1,0,0,0,True
330,2024-05-27 10:10:44.903811,1,2024-07-21 07:00:47.325712,1,0,爱看农民[优],t4/files/drpy_js,t4/files/drpy_js/爱看农民[优].js,True,324,.js,,1,1,1,1,True
282,2024-05-16 08:22:11.775273,1,2024-07-21 07:00:47.591805,1,0,蓝光影视,t4/files/drpy_js,t4/files/drpy_js/蓝光影视.js,True,276,.js,,1,1,0,0,True
284,2024-05-16 08:22:11.811528,1,2024-07-21 07:00:47.625444,1,0,西屋影视,t4/files/drpy_js,t4/files/drpy_js/西屋影视.js,True,278,.js,,1,1,0,0,True
457,2024-06-17 16:35:38.014082,1,2024-07-21 07:00:46.597712,1,0,MuteFun[漫],t4/files/drpy_js,t4/files/drpy_js/MuteFun[漫].js,True,451,.js,,1,1,0,0,True
395,2024-06-12 10:09:51.875734,1,2024-07-21 07:00:46.812910,1,0,千百视频[密],t4/files/drpy_js,t4/files/drpy_js/千百视频[密].js,True,389,.js,,1,1,1,0,True
127,2024-03-29 09:09:21.022291,1,2024-07-21 07:00:46.836108,1,0,厂长资源,t4/files/drpy_js,t4/files/drpy_js/厂长资源.js,True,121,.js,,1,1,0,0,True
155,2024-05-06 13:28:59.628363,1,2024-07-21 07:00:46.925547,1,0,大米星球,t4/files/drpy_js,t4/files/drpy_js/大米星球.js,True,149,.js,,1,1,1,0,True
429,2024-06-17 16:35:36.919229,1,2024-07-21 07:00:46.961342,1,0,好趣网[播],t4/files/drpy_js,t4/files/drpy_js/好趣网[播].js,True,423,.js,,1,1,0,0,True
389,2024-06-11 10:05:03.445614,1,2024-07-21 07:00:46.970245,1,0,子子影视,t4/files/drpy_js,t4/files/drpy_js/子子影视.js,True,383,.js,,1,1,0,0,True
446,2024-06-17 16:35:37.585434,1,2024-07-21 07:00:47.108638,1,0,斗鱼直播[官],t4/files/drpy_js,t4/files/drpy_js/斗鱼直播[官].js,True,440,.js,,1,1,1,0,True
288,2024-05-16 08:22:12.282205,1,2024-07-21 07:00:47.158421,1,0,星空影院,t4/files/drpy_js,t4/files/drpy_js/星空影院.js,True,282,.js,,1,1,0,0,True
439,2024-06-17 16:35:37.289358,1,2024-07-21 07:00:47.236231,1,0,樱花动漫[漫],t4/files/drpy_js,t4/files/drpy_js/樱花动漫[漫].js,True,433,.js,,1,1,0,0,True
430,2024-06-17 16:35:36.951309,1,2024-07-21 07:00:47.277191,1,0,漫小肆[画],t4/files/drpy_js,t4/files/drpy_js/漫小肆[画].js,True,424,.js,,1,1,0,0,True
388,2024-06-11 10:05:03.303369,1,2024-07-21 07:00:47.294387,1,0,热片网,t4/files/drpy_js,t4/files/drpy_js/热片网.js,True,382,.js,,1,1,1,0,True
322,2024-05-25 15:45:01.962292,1,2024-07-21 07:00:47.370024,1,0,电影天堂,t4/files/drpy_js,t4/files/drpy_js/电影天堂.js,True,316,.js,,1,1,0,0,True
153,2024-05-06 13:28:59.614970,1,2024-07-21 07:00:47.383340,1,0,白嫖者联盟,t4/files/drpy_js,t4/files/drpy_js/白嫖者联盟.js,True,147,.js,,1,1,0,0,True
433,2024-06-17 16:35:37.007061,1,2024-07-21 07:00:47.475086,1,0,第一韩漫[画],t4/files/drpy_js,t4/files/drpy_js/第一韩漫[画].js,True,427,.js,,1,1,0,0,True
440,2024-06-17 16:35:37.397274,1,2024-07-21 07:00:47.496870,1,0,维奇动漫[漫],t4/files/drpy_js,t4/files/drpy_js/维奇动漫[漫].js,True,434,.js,,1,1,1,1,True
333,2024-05-28 10:11:14.082974,1,2024-07-21 07:00:47.541838,1,0,胖虎影视,t4/files/drpy_js,t4/files/drpy_js/胖虎影视.js,True,327,.js,,1,1,1,1,True
270,2024-05-15 06:21:15.433748,1,2024-07-21 07:00:47.608878,1,0,蛋蛋剧,t4/files/drpy_js,t4/files/drpy_js/蛋蛋剧.js,True,264,.js,,1,1,0,0,True
271,2024-05-15 06:21:15.452280,1,2024-07-21 07:00:47.613512,1,0,蛋蛋赞,t4/files/drpy_js,t4/files/drpy_js/蛋蛋赞.js,True,265,.js,,1,1,1,0,True
432,2024-06-17 16:35:36.983571,1,2024-07-21 07:00:47.786492,1,0,麻雀视频[优],t4/files/drpy_js,t4/files/drpy_js/麻雀视频[优].js,True,426,.js,,1,1,1,0,True
59,2024-02-04 14:21:09.832085,1,2024-07-21 07:00:47.961490,1,0,bili,t4/files/json,t4/files/json/bili.json,True,59,.json,,1,0,0,0,True
75,2024-02-19 18:15:01.925873,1,2024-07-21 07:00:47.965551,1,0,drpy_rules,t4/files/json,t4/files/json/drpy_rules.json,True,69,.json,,1,0,0,0,True
186,2024-05-06 13:29:00.117259,1,2024-07-21 07:00:47.999531,1,0,moli,t4/files/json,t4/files/json/moli.json,True,180,.json,,1,0,0,0,True
188,2024-05-06 13:29:00.130646,1,2024-07-21 07:00:48.036003,1,0,wgcf,t4/files/json,t4/files/json/wgcf.json,True,182,.json,,1,0,0,0,True
51,2024-02-01 14:31:22.221119,1,2024-07-21 07:00:48.129732,1,0,vip_parse,t4/files/txt,t4/files/txt/vip_parse.conf,True,51,.conf,,1,0,0,0,True
191,2024-05-06 13:29:00.223270,1,2024-07-21 07:00:48.146565,1,0,pg,t4/files/jar,t4/files/jar/pg.jar,True,185,.jar,,1,0,0,0,True
129,2024-03-29 09:09:21.199069,1,2024-07-21 07:00:48.154919,1,0,CK,t4/files/js_parse_api,t4/files/js_parse_api/CK.js,True,123,.js,,1,0,0,0,True
130,2024-03-29 09:09:21.206493,1,2024-07-21 07:00:48.164312,1,0,夜幕,t4/files/js_parse_api,t4/files/js_parse_api/夜幕.js,True,124,.js,,1,0,0,0,True
132,2024-03-29 09:09:21.213665,1,2024-07-21 07:00:48.172372,1,0,盘古,t4/files/js_parse_api,t4/files/js_parse_api/盘古.js,True,126,.js,,1,0,0,0,True
133,2024-03-29 09:09:21.217010,1,2024-07-21 07:00:48.177164,1,0,虾米,t4/files/js_parse_api,t4/files/js_parse_api/虾米.js,True,127,.js,,1,0,0,0,True
134,2024-03-29 09:09:21.220463,1,2024-07-21 07:00:48.181164,1,0,阳途,t4/files/js_parse_api,t4/files/js_parse_api/阳途.js,True,128,.js,,1,0,0,0,True
192,2024-05-06 13:29:00.323252,1,2024-07-21 07:00:48.215878,1,0,pako.min,t4/files/drpy3_libs,t4/files/drpy3_libs/pako.min.js,True,186,.js,,1,0,0,0,True
107,2024-03-10 11:22:54.508952,1,2024-07-21 07:00:48.320139,1,0,live2mv_data,t4/files/drpy3_js,t4/files/drpy3_js/live2mv_data.json,True,101,.json,,1,0,0,0,True
108,2024-03-10 11:22:54.513700,1,2024-07-21 07:00:48.324027,1,0,meijumi,t4/files/drpy3_js,t4/files/drpy3_js/meijumi.js,True,102,.js,,1,0,0,0,True
109,2024-03-10 11:22:54.518066,1,2024-07-21 07:00:48.329143,1,0,meijumip,t4/files/drpy3_js,t4/files/drpy3_js/meijumip.js,True,103,.js,,1,0,0,0,True
110,2024-03-10 11:22:54.522405,1,2024-07-21 07:00:48.333045,1,0,meow,t4/files/drpy3_js,t4/files/drpy3_js/meow.js,True,104,.js,,1,0,0,0,True
111,2024-03-10 11:22:54.526879,1,2024-07-21 07:00:48.336828,1,0,Missav,t4/files/drpy3_js,t4/files/drpy3_js/Missav.js,True,105,.js,,1,0,0,0,True
112,2024-03-10 11:22:54.531894,1,2024-07-21 07:00:48.341700,1,0,mp4us,t4/files/drpy3_js,t4/files/drpy3_js/mp4us.js,True,106,.js,,1,0,0,0,True
113,2024-03-10 11:22:54.536510,1,2024-07-21 07:00:48.346731,1,0,qimiao,t4/files/drpy3_js,t4/files/drpy3_js/qimiao.js,True,107,.js,,1,0,0,0,True
117,2024-03-10 11:22:54.556124,1,2024-07-21 07:00:48.359109,1,0,xb6v,t4/files/drpy3_js,t4/files/drpy3_js/xb6v.js,True,111,.js,,1,0,0,0,True
124,2024-03-10 11:22:54.592597,1,2024-07-21 07:00:48.418687,1,0,玩偶姐姐,t4/files/drpy3_js,t4/files/drpy3_js/玩偶姐姐.js,True,118,.js,,1,0,0,0,True
81,2024-03-08 15:53:21.075372,1,2024-07-21 07:00:48.431304,1,0,drpy3.min,t4/files/drpy3_libs,t4/files/drpy3_libs/drpy3.min.js,False,75,.js,,1,0,0,0,True
5,2024-02-01 14:31:22.057740,1,2024-07-21 07:00:46.401558,1,0,cntv央视,t4/spiders,t4/spiders/cntv央视.json,True,9999,.json,,1,0,0,0,True
10,2024-02-01 14:31:22.077409,1,2024-07-21 07:00:46.433324,1,0,哔滴影视,t4/spiders,t4/spiders/哔滴影视.py,True,10,.py,{{host}}/files/hipy/jars/bidi.jar,1,1,1,0,True
136,2024-05-06 13:28:59.370606,1,2024-07-21 07:00:46.440986,1,0,在线之家,t4/spiders,t4/spiders/在线之家.py,True,130,.py,,1,1,1,0,True
410,2024-06-14 18:03:33.410059,1,2024-07-21 07:00:46.551223,1,0,bilfun(自动),t4/files/drpy_js,t4/files/drpy_js/bilfun(自动).js,True,404,.js,,1,1,1,0,True
126,2024-03-29 09:09:20.999119,1,2024-07-21 07:00:46.564562,1,0,freeok,t4/files/drpy_js,t4/files/drpy_js/freeok.js,True,120,.js,,1,1,0,0,True
162,2024-05-06 13:28:59.724194,1,2024-07-21 07:00:46.636867,1,0,voflix,t4/files/drpy_js,t4/files/drpy_js/voflix.js,True,156,.js,,1,1,1,0,True
202,2024-05-09 11:39:58.476424,1,2024-07-21 07:00:46.665454,1,0,七年影视,t4/files/drpy_js,t4/files/drpy_js/七年影视.js,True,196,.js,,1,1,1,0,True
442,2024-06-17 16:35:37.508464,1,2024-07-21 07:00:46.714618,1,0,云盘资源网[盘],t4/files/drpy_js,t4/files/drpy_js/云盘资源网[盘].js,True,436,.js,,1,1,1,1,True
200,2024-05-08 14:08:15.453814,1,2024-07-21 07:00:46.737310,1,0,侠客影视,t4/files/drpy_js,t4/files/drpy_js/侠客影视.js,True,194,.js,,1,1,1,0,True
437,2024-06-17 16:35:37.271622,1,2024-07-21 07:00:46.796985,1,0,动漫巴士[漫],t4/files/drpy_js,t4/files/drpy_js/动漫巴士[漫].js,True,431,.js,,1,1,1,1,True
445,2024-06-17 16:35:37.532546,1,2024-07-21 07:00:46.800920,1,0,动漫网[漫],t4/files/drpy_js,t4/files/drpy_js/动漫网[漫].js,True,439,.js,,1,1,0,0,True
451,2024-06-17 16:35:37.760122,1,2024-07-21 07:00:46.903473,1,0,多多追剧[优],t4/files/drpy_js,t4/files/drpy_js/多多追剧[优].js,True,445,.js,,1,1,0,0,True
438,2024-06-17 16:35:37.283601,1,2024-07-21 07:00:46.920683,1,0,大米动漫[漫],t4/files/drpy_js,t4/files/drpy_js/大米动漫[漫].js,True,432,.js,,1,1,0,0,True
161,2024-05-06 13:28:59.717584,1,2024-07-21 07:00:46.929893,1,0,大米星球[V2],t4/files/drpy_js,t4/files/drpy_js/大米星球[V2].js,True,155,.js,,1,1,1,0,True
390,2024-06-11 10:05:04.084003,1,2024-07-21 07:00:46.933847,1,0,天启,t4/files/drpy_js,t4/files/drpy_js/天启.js,True,384,.js,,1,1,1,0,True
453,2024-06-17 16:35:37.820317,1,2024-07-21 07:00:47.008992,1,0,广播迷FM[听],t4/files/drpy_js,t4/files/drpy_js/广播迷FM[听].js,True,447,.js,,1,1,1,0,True
447,2024-06-17 16:35:37.654708,1,2024-07-21 07:00:47.057883,1,0,恒大影视[密],t4/files/drpy_js,t4/files/drpy_js/恒大影视[密].js,True,441,.js,,1,1,1,0,True
367,2024-06-09 11:52:40.197544,1,2024-07-21 07:00:47.095050,1,0,播客[听],t4/files/drpy_js,t4/files/drpy_js/播客[听].js,True,361,.js,,1,0,0,0,True
424,2024-06-17 07:27:22.591333,1,2024-07-21 07:00:47.194840,1,0,最新4K,t4/files/drpy_js,t4/files/drpy_js/最新4K.js,True,418,.js,,1,1,0,0,True
160,2024-05-06 13:28:59.710465,1,2024-07-21 07:00:47.232578,1,0,榜一短剧,t4/files/drpy_js,t4/files/drpy_js/榜一短剧.js,True,154,.js,,1,1,0,0,True
434,2024-06-17 16:35:37.061611,1,2024-07-21 07:00:47.252276,1,0,次元城动漫[漫],t4/files/drpy_js,t4/files/drpy_js/次元城动漫[漫].js,True,428,.js,,1,1,0,0,True
431,2024-06-17 16:35:36.977455,1,2024-07-21 07:00:47.267846,1,0,清风DJ[听],t4/files/drpy_js,t4/files/drpy_js/清风DJ[听].js,True,425,.js,,1,1,1,0,True
448,2024-06-17 16:35:37.669656,1,2024-07-21 07:00:47.343217,1,0,爱车MV[听],t4/files/drpy_js,t4/files/drpy_js/爱车MV[听].js,True,442,.js,,1,1,0,0,True
452,2024-06-17 16:35:37.783857,1,2024-07-21 07:00:47.402361,1,0,相声随身听[听],t4/files/drpy_js,t4/files/drpy_js/相声随身听[听].js,True,446,.js,,1,1,1,0,True
396,2024-06-12 10:09:52.379917,1,2024-07-21 07:00:47.528735,1,0,老司视频[密],t4/files/drpy_js,t4/files/drpy_js/老司视频[密].js,True,390,.js,,1,1,1,0,True
128,2024-03-29 09:09:21.048809,1,2024-07-21 07:00:47.536664,1,0,耐看,t4/files/drpy_js,t4/files/drpy_js/耐看.js,True,122,.js,,1,1,0,0,True
444,2024-06-17 16:35:37.520877,1,2024-07-21 07:00:47.596373,1,0,虎牙直播[官],t4/files/drpy_js,t4/files/drpy_js/虎牙直播[官].js,True,438,.js,,1,1,1,0,True
449,2024-06-17 16:35:37.696774,1,2024-07-21 07:00:47.769013,1,0,驴番[漫],t4/files/drpy_js,t4/files/drpy_js/驴番[漫].js,True,443,.js,,1,1,0,0,True
415,2024-06-15 06:37:46.151277,1,2024-07-21 07:00:47.803718,1,0,黑狐影院,t4/files/drpy_js,t4/files/drpy_js/黑狐影院.js,True,409,.js,,1,1,0,0,True
171,2024-05-06 13:28:59.913485,1,2024-07-21 07:00:47.888264,1,0,jsrsa.min,t4/files/drpy_libs,t4/files/drpy_libs/jsrsa.min.js,True,165,.js,,1,0,0,0,True
170,2024-05-06 13:28:59.904969,1,2024-07-21 07:00:47.935133,1,0,test_rsa,t4/files/drpy_libs,t4/files/drpy_libs/test_rsa.mjs,True,164,.mjs,,1,0,0,0,True
180,2024-05-06 13:29:00.057574,1,2024-07-21 07:00:47.944034,1,0,aliproxy,t4/files/json,t4/files/json/aliproxy.gz,True,174,.gz,,1,0,0,0,True
176,2024-05-06 13:29:00.020434,1,2024-07-21 07:00:47.973571,1,0,geoip.dat,t4/files/json,t4/files/json/geoip.dat.gz,True,170,.gz,,1,0,0,0,True
61,2024-02-04 14:21:09.836048,1,2024-07-21 07:00:47.982701,1,0,live2mv_data,t4/files/json,t4/files/json/live2mv_data.json,True,61,.json,,1,0,0,0,True
179,2024-05-06 13:29:00.049625,1,2024-07-21 07:00:48.003357,1,0,pikpakclass,t4/files/json,t4/files/json/pikpakclass.json,True,173,.json,,1,0,0,0,True
182,2024-05-06 13:29:00.072149,1,2024-07-21 07:00:48.007122,1,0,pikpakclass.json.db,t4/files/json,t4/files/json/pikpakclass.json.db.gz,True,176,.gz,,1,0,0,0,True
185,2024-05-06 13:29:00.109933,1,2024-07-21 07:00:48.012669,1,0,pushshare,t4/files/json,t4/files/json/pushshare.txt,True,179,.txt,,1,0,0,0,True
178,2024-05-06 13:29:00.042172,1,2024-07-21 07:00:48.023874,1,0,thundershare,t4/files/json,t4/files/json/thundershare.txt,True,172,.txt,,1,0,0,0,True
174,2024-05-06 13:28:59.990672,1,2024-07-21 07:00:48.028721,1,0,tokenm,t4/files/json,t4/files/json/tokenm.json,True,168,.json,,1,0,0,0,True
183,2024-05-06 13:29:00.079010,1,2024-07-21 07:00:48.039718,1,0,wogg,t4/files/json,t4/files/json/wogg.json,True,177,.json,,1,0,0,0,True
190,2024-05-06 13:29:00.152364,1,2024-07-21 07:00:48.116037,1,0,pg,t4/files/txt,t4/files/txt/pg.conf,True,184,.conf,,1,0,0,0,True
207,2024-05-10 10:26:49.612448,1,2024-07-21 07:00:48.212006,1,0,node-rsa,t4/files/drpy3_libs,t4/files/drpy3_libs/node-rsa.js,True,201,.js,,1,0,0,0,True
212,2024-05-10 10:26:49.886989,1,2024-07-21 07:00:48.283522,1,0,heiliao,t4/files/drpy3_js,t4/files/drpy3_js/heiliao.js,True,206,.js,,1,0,0,0,True
366,2024-06-09 11:52:39.898976,1,2024-07-21 07:00:46.577214,1,0,i275听书[听],t4/files/drpy_js,t4/files/drpy_js/i275听书[听].js,True,360,.js,,1,1,1,0,True
211,2024-05-10 10:26:49.846090,1,2024-07-21 07:00:48.384548,1,0,农民影视2,t4/files/drpy3_js,t4/files/drpy3_js/农民影视2.js,True,205,.js,,1,0,0,0,True
175,2024-05-06 13:29:00.005490,1,2024-07-21 07:00:48.431304,1,0,小学教育,t4/files/json,t4/files/json/小学教育.json,False,169,.json,,1,0,0,0,True
156,2024-05-06 13:28:59.643767,1,2024-07-21 07:00:46.519303,1,0,6V新版[磁],t4/files/drpy_js,t4/files/drpy_js/6V新版[磁].js,True,150,.js,,1,1,1,0,True
459,2024-06-17 16:35:38.088130,1,2024-07-21 07:00:46.601487,1,0,NT动漫[漫],t4/files/drpy_js,t4/files/drpy_js/NT动漫[漫].js,True,453,.js,,1,1,1,0,True
435,2024-06-17 16:35:37.200860,1,2024-07-21 07:00:46.609383,1,0,OmoFun[漫],t4/files/drpy_js,t4/files/drpy_js/OmoFun[漫].js,True,429,.js,,1,1,1,0,True
436,2024-06-17 16:35:37.235152,1,2024-07-21 07:00:46.625294,1,0,R18撸[密],t4/files/drpy_js,t4/files/drpy_js/R18撸[密].js,True,430,.js,,1,1,1,0,True
237,2024-05-15 01:58:31.411685,1,2024-07-21 07:00:46.828625,1,0,卧龙资源[资],t4/files/drpy_js,t4/files/drpy_js/卧龙资源[资].js,True,231,.js,,1,1,0,1,True
242,2024-05-15 01:58:31.476547,1,2024-07-21 07:00:46.947391,1,0,奇珍异兽[官],t4/files/drpy_js,t4/files/drpy_js/奇珍异兽[官].js,True,236,.js,,1,1,1,0,True
229,2024-05-14 08:53:58.667963,1,2024-07-21 07:00:46.983506,1,0,宝片视频,t4/files/drpy_js,t4/files/drpy_js/宝片视频.js,True,223,.js,,1,1,0,0,True
335,2024-05-28 13:59:41.437055,1,2024-07-21 07:00:46.996552,1,0,小站盘[搜],t4/files/drpy_js,t4/files/drpy_js/小站盘[搜].js,True,329,.js,,1,1,0,0,True
231,2024-05-14 08:53:58.961908,1,2024-07-21 07:00:47.113598,1,0,新茶杯狐,t4/files/drpy_js,t4/files/drpy_js/新茶杯狐.js,True,225,.js,,1,1,1,0,True
256,2024-05-15 01:58:31.595797,1,2024-07-21 07:00:47.189753,1,0,暴风资源[资],t4/files/drpy_js,t4/files/drpy_js/暴风资源[资].js,True,250,.js,,1,1,0,1,True
234,2024-05-15 01:58:31.384629,1,2024-07-21 07:00:47.220529,1,0,极客资源[资],t4/files/drpy_js,t4/files/drpy_js/极客资源[资].js,True,228,.js,,1,1,0,1,True
385,2024-06-10 02:30:06.616497,1,2024-07-21 07:00:47.244739,1,0,橘子柚[盘],t4/files/drpy_js,t4/files/drpy_js/橘子柚[盘].js,True,379,.js,,1,1,0,0,True
220,2024-05-11 14:54:31.110198,1,2024-07-21 07:00:47.260312,1,0,海外剧汇,t4/files/drpy_js,t4/files/drpy_js/海外剧汇.js,True,214,.js,,1,1,1,0,True
369,2024-06-09 11:52:40.550088,1,2024-07-21 07:00:47.264179,1,0,海洋听书[听],t4/files/drpy_js,t4/files/drpy_js/海洋听书[听].js,True,363,.js,,1,1,0,0,True
281,2024-05-16 08:22:11.767275,1,2024-07-21 07:00:47.289084,1,0,热播之家,t4/files/drpy_js,t4/files/drpy_js/热播之家.js,True,275,.js,,1,1,1,0,True
336,2024-05-28 13:59:41.473983,1,2024-07-21 07:00:47.351237,1,0,狗狗盘[搜],t4/files/drpy_js,t4/files/drpy_js/狗狗盘[搜].js,True,330,.js,,1,1,0,0,True
203,2024-05-10 10:26:49.005740,1,2024-07-21 07:00:47.442943,1,0,磁力熊[磁],t4/files/drpy_js,t4/files/drpy_js/磁力熊[磁].js,True,197,.js,,1,1,1,0,True
240,2024-05-15 01:58:31.449202,1,2024-07-21 07:00:47.546303,1,0,腾云驾雾[官],t4/files/drpy_js,t4/files/drpy_js/腾云驾雾[官].js,True,234,.js,,1,1,1,0,True
257,2024-05-15 01:58:31.601263,1,2024-07-21 07:00:47.633923,1,0,豆瓣[官],t4/files/drpy_js,t4/files/drpy_js/豆瓣[官].js,True,251,.js,?render=1,1,1,1,1,True
255,2024-05-15 01:58:31.584287,1,2024-07-21 07:00:47.689845,1,0,量子影视[资],t4/files/drpy_js,t4/files/drpy_js/量子影视[资].js,True,249,.js,,1,1,1,0,True
26,2024-02-01 14:31:22.135010,1,2024-07-21 07:00:47.812061,1,0,alist.min,t4/files/drpy_libs,t4/files/drpy_libs/alist.min.js,True,26,.js,,1,0,0,0,True
206,2024-05-10 10:26:49.243402,1,2024-07-21 07:00:47.905104,1,0,node-rsa,t4/files/drpy_libs,t4/files/drpy_libs/node-rsa.js,True,200,.js,,1,0,0,0,True
168,2024-05-06 13:28:59.871728,1,2024-07-21 07:00:47.909759,1,0,pako.min,t4/files/drpy_libs,t4/files/drpy_libs/pako.min.js,True,162,.js,,1,0,0,0,True
189,2024-05-06 13:29:00.139073,1,2024-07-21 07:00:47.952864,1,0,alishare,t4/files/json,t4/files/json/alishare.txt,True,183,.txt,,1,0,0,0,True
181,2024-05-06 13:29:00.065029,1,2024-07-21 07:00:48.016417,1,0,quarkshare,t4/files/json,t4/files/json/quarkshare.txt,True,175,.txt,,1,0,0,0,True
177,2024-05-06 13:29:00.035163,1,2024-07-21 07:00:48.020070,1,0,sambashare,t4/files/json,t4/files/json/sambashare.txt,True,171,.txt,,1,0,0,0,True
184,2024-05-06 13:29:00.093585,1,2024-07-21 07:00:48.043926,1,0,xray,t4/files/json,t4/files/json/xray.gz,True,178,.gz,,1,0,0,0,True
187,2024-05-06 13:29:00.124080,1,2024-07-21 07:00:48.055500,1,0,白嫖筛选,t4/files/json,t4/files/json/白嫖筛选.json,True,181,.json,,1,0,0,0,True
193,2024-05-06 13:29:00.329209,1,2024-07-21 07:00:48.207163,1,0,jsencrypt,t4/files/drpy3_libs,t4/files/drpy3_libs/jsencrypt.js,True,187,.js,,1,0,0,0,True
208,2024-05-10 10:26:49.659263,1,2024-07-21 07:00:48.243307,1,0,996影视,t4/files/drpy3_js,t4/files/drpy3_js/996影视.js,True,202,.js,,1,0,0,0,True
213,2024-05-10 10:26:49.893219,1,2024-07-21 07:00:48.380325,1,0,农民影视,t4/files/drpy3_js,t4/files/drpy3_js/农民影视.js,True,207,.js,,1,0,0,0,True
210,2024-05-10 10:26:49.819937,1,2024-07-21 07:00:48.388802,1,0,农民影视新,t4/files/drpy3_js,t4/files/drpy3_js/农民影视新.js,True,204,.js,,1,0,0,0,True
194,2024-05-06 13:29:00.551685,1,2024-07-21 07:00:48.393535,1,0,去广告测试源,t4/files/drpy3_js,t4/files/drpy3_js/去广告测试源.js,True,188,.js,,1,0,0,0,True
195,2024-05-06 13:29:00.582180,1,2024-07-21 07:00:48.397740,1,0,去广告测试源1,t4/files/drpy3_js,t4/files/drpy3_js/去广告测试源1.js,True,189,.js,,1,0,0,0,True
209,2024-05-10 10:26:49.697753,1,2024-07-21 07:00:48.405888,1,0,小蚂蚁资源,t4/files/drpy3_js,t4/files/drpy3_js/小蚂蚁资源.js,True,203,.js,,1,0,0,0,True
214,2024-05-10 10:26:49.905089,1,2024-07-21 07:00:48.410594,1,0,小蚂蚁资源2,t4/files/drpy3_js,t4/files/drpy3_js/小蚂蚁资源2.js,True,208,.js,,1,0,0,0,True
123,2024-03-10 11:22:54.586467,1,2024-07-21 07:00:48.414818,1,0,朱古力,t4/files/drpy3_js,t4/files/drpy3_js/朱古力.js,True,117,.js,,1,0,0,0,True
215,2024-05-10 10:26:50.005235,1,2024-07-21 07:00:48.427357,1,0,酷云77,t4/files/drpy3_js,t4/files/drpy3_js/酷云77.js,True,209,.js,,1,0,0,0,True
198,2024-05-07 03:06:28.970657,1,2024-07-21 07:00:46.633091,1,0,TVB云播,t4/files/drpy_js,t4/files/drpy_js/TVB云播.js,True,192,.js,,1,1,1,0,True
289,2024-05-16 08:22:12.301865,1,2024-07-21 07:00:46.572622,1,0,HDmoli,t4/files/drpy_js,t4/files/drpy_js/HDmoli.js,True,283,.js,,1,1,0,0,True
364,2024-06-09 11:52:39.674630,1,2024-07-21 07:00:46.750368,1,0,六月听书[听],t4/files/drpy_js,t4/files/drpy_js/六月听书[听].js,True,358,.js,,1,1,1,0,True
253,2024-05-15 01:58:31.572212,1,2024-07-21 07:00:46.754350,1,0,农民影视[优],t4/files/drpy_js,t4/files/drpy_js/农民影视[优].js,True,247,.js,,1,1,1,0,True
219,2024-05-11 14:54:30.828510,1,2024-07-21 07:00:46.816821,1,0,千神影视,t4/files/drpy_js,t4/files/drpy_js/千神影视.js,True,213,.js,,1,1,1,0,True
295,2024-05-18 06:05:14.450418,1,2024-07-21 07:00:46.899526,1,0,夕云影视,t4/files/drpy_js,t4/files/drpy_js/夕云影视.js,True,289,.js,,1,1,1,0,True
248,2024-05-15 01:58:31.521310,1,2024-07-21 07:00:46.820472,1,0,南瓜影视[优],t4/files/drpy_js,t4/files/drpy_js/南瓜影视[优].js,True,242,.js,,1,1,1,0,True
371,2024-06-09 11:52:40.670239,1,2024-07-21 07:00:46.824247,1,0,博看听书[听],t4/files/drpy_js,t4/files/drpy_js/博看听书[听].js,True,365,.js,,1,1,0,0,True
294,2024-05-18 06:05:14.243261,1,2024-07-21 07:00:46.832409,1,0,即看影视,t4/files/drpy_js,t4/files/drpy_js/即看影视.js,True,288,.js,,1,1,0,0,True
251,2024-05-15 01:58:31.560381,1,2024-07-21 07:00:46.844351,1,0,可可影视[优],t4/files/drpy_js,t4/files/drpy_js/可可影视[优].js,True,245,.js,,1,1,1,0,True
492,2024-06-28 17:29:38.577123,1,2024-07-21 07:00:46.955732,1,0,奶狗影视[慢],t4/files/drpy_js,t4/files/drpy_js/奶狗影视[慢].js,True,486,.js,,1,1,0,0,True
327,2024-05-26 11:05:14.471144,1,2024-07-21 07:00:47.000357,1,0,小鱼影视,t4/files/drpy_js,t4/files/drpy_js/小鱼影视.js,True,321,.js,,1,1,0,0,True
494,2024-06-28 17:29:38.816699,1,2024-07-21 07:00:47.013831,1,0,影剧星球,t4/files/drpy_js,t4/files/drpy_js/影剧星球.js,True,488,.js,,1,1,0,1,True
495,2024-06-28 17:29:38.854474,1,2024-07-21 07:00:47.025515,1,0,影视大全,t4/files/drpy_js,t4/files/drpy_js/影视大全.js,True,489,.js,,1,1,1,0,True
496,2024-06-28 17:29:38.922050,1,2024-07-21 07:00:47.037486,1,0,影视控,t4/files/drpy_js,t4/files/drpy_js/影视控.js,True,490,.js,,1,1,1,0,True
326,2024-05-26 11:05:14.399292,1,2024-07-21 07:00:47.066700,1,0,想看影院,t4/files/drpy_js,t4/files/drpy_js/想看影院.js,True,320,.js,,1,1,0,0,True
246,2024-05-15 01:58:31.507728,1,2024-07-21 07:00:47.080689,1,0,我的哔哩[官],t4/files/drpy_js,t4/files/drpy_js/我的哔哩[官].js,True,240,.js,"?render=1&type=url&params=../json/小学教育.json@哔哩教育[官]
?render=1&type=url&params=../json/哔哩大全.json@哔哩大全[官]",1,1,1,0,True
391,2024-06-11 10:48:33.764903,1,2024-07-21 07:00:47.085502,1,0,我看书斋[书],t4/files/drpy_js,t4/files/drpy_js/我看书斋[书].js,True,385,.js,,1,1,1,0,True
275,2024-05-15 10:03:27.285611,1,2024-07-21 07:00:47.131859,1,0,时光影院,t4/files/drpy_js,t4/files/drpy_js/时光影院.js,True,269,.js,,1,1,0,0,True
460,2024-06-17 16:35:38.153135,1,2024-07-21 07:00:47.171502,1,0,星辰[优],t4/files/drpy_js,t4/files/drpy_js/星辰[优].js,True,454,.js,,1,1,1,0,True
222,2024-05-11 18:12:59.678594,1,2024-07-21 07:00:47.248568,1,0,橙汁影视,t4/files/drpy_js,t4/files/drpy_js/橙汁影视.js,True,216,.js,,1,0,1,0,True
250,2024-05-15 01:58:31.553866,1,2024-07-21 07:00:47.285169,1,0,烧火影视[优],t4/files/drpy_js,t4/files/drpy_js/烧火影视[优].js,True,244,.js,,1,0,1,0,True
368,2024-06-09 11:52:40.396283,1,2024-07-21 07:00:47.298514,1,0,爱上你听书网[听],t4/files/drpy_js,t4/files/drpy_js/爱上你听书网[听].js,True,362,.js,,1,1,0,0,True
254,2024-05-15 01:58:31.578394,1,2024-07-21 07:00:47.333909,1,0,爱看机器人[虫],t4/files/drpy_js,t4/files/drpy_js/爱看机器人[虫].js,True,248,.js,,1,1,1,0,True
243,2024-05-15 01:58:31.482593,1,2024-07-21 07:00:47.387402,1,0,百忙无果[官],t4/files/drpy_js,t4/files/drpy_js/百忙无果[官].js,True,237,.js,,1,1,1,0,True
232,2024-05-14 17:57:11.826070,1,2024-07-21 07:00:47.406240,1,0,看57,t4/files/drpy_js,t4/files/drpy_js/看57.js,True,226,.js,,1,1,0,0,True
323,2024-05-26 11:05:14.160990,1,2024-07-21 07:00:47.438409,1,0,短剧天堂,t4/files/drpy_js,t4/files/drpy_js/短剧天堂.js,True,317,.js,,1,1,1,1,True
474,2024-06-21 08:12:29.763727,1,2024-07-21 07:00:47.479576,1,0,策驰影院(自动),t4/files/drpy_js,t4/files/drpy_js/策驰影院(自动).js,True,468,.js,,1,1,1,0,True
239,2024-05-15 01:58:31.435847,1,2024-07-21 07:00:47.487512,1,0,素白白[优],t4/files/drpy_js,t4/files/drpy_js/素白白[优].js,True,233,.js,,1,1,1,0,True
236,2024-05-15 01:58:31.405593,1,2024-07-21 07:00:47.492518,1,0,索尼资源[资],t4/files/drpy_js,t4/files/drpy_js/索尼资源[资].js,True,230,.js,,1,1,0,1,True
245,2024-05-15 01:58:31.499947,1,2024-07-21 07:00:47.515055,1,0,网飞猫[优],t4/files/drpy_js,t4/files/drpy_js/网飞猫[优].js,True,239,.js,,1,1,1,0,True
221,2024-05-11 14:54:31.185329,1,2024-07-21 07:00:47.519043,1,0,美剧星球,t4/files/drpy_js,t4/files/drpy_js/美剧星球.js,True,215,.js,,1,1,1,0,True
292,2024-05-16 17:25:50.916046,1,2024-07-21 07:00:47.523535,1,0,美益达,t4/files/drpy_js,t4/files/drpy_js/美益达.js,True,286,.js,,1,1,1,0,True
475,2024-06-21 08:12:29.967062,1,2024-07-21 07:00:47.637679,1,0,豆角网,t4/files/drpy_js,t4/files/drpy_js/豆角网.js,True,469,.js,,1,1,0,0,True
481,2024-06-22 11:02:20.111866,1,2024-07-21 07:00:47.641634,1,0,贝乐虎[儿],t4/files/drpy_js,t4/files/drpy_js/贝乐虎[儿].js,True,475,.js,,1,0,0,0,True
249,2024-05-15 01:58:31.534817,1,2024-07-21 07:00:47.694791,1,0,量子资源[资],t4/files/drpy_js,t4/files/drpy_js/量子资源[资].js,True,243,.js,,1,1,0,1,True
244,2024-05-15 01:58:31.489285,1,2024-07-21 07:00:47.715975,1,0,阿里土豆[盘],t4/files/drpy_js,t4/files/drpy_js/阿里土豆[盘].js,True,238,.js,,1,1,0,0,True
238,2024-05-15 01:58:31.429988,1,2024-07-21 07:00:47.720692,1,0,非凡资源[资],t4/files/drpy_js,t4/files/drpy_js/非凡资源[资].js,True,232,.js,,1,1,0,1,True
382,2024-06-09 18:53:00.907928,1,2024-07-21 07:00:47.725304,1,0,顶点小说2[书],t4/files/drpy_js,t4/files/drpy_js/顶点小说2[书].js,True,376,.js,,1,1,1,0,True
324,2024-05-26 11:05:14.239308,1,2024-07-21 07:00:47.733799,1,0,飘花影院,t4/files/drpy_js,t4/files/drpy_js/飘花影院.js,True,318,.js,,1,1,0,0,True
205,2024-05-10 10:26:49.188664,1,2024-07-21 07:00:47.930471,1,0,test_node_rsa,t4/files/drpy_libs,t4/files/drpy_libs/test_node_rsa.mjs,True,199,.mjs,,1,0,0,0,True
488,2024-06-27 06:14:29.889753,1,2024-07-21 07:00:47.978451,1,0,live2cms,t4/files/json,t4/files/json/live2cms.json,True,482,.json,,1,0,0,0,True
477,2024-06-21 08:12:31.526624,1,2024-07-21 07:00:48.074819,1,0,采集[密]静态,t4/files/json,t4/files/json/采集[密]静态.json,True,471,.json,,1,0,0,0,True
259,2024-05-15 01:58:31.644751,1,2024-07-21 07:00:46.593557,1,0,LIBVIO[优],t4/files/drpy_js,t4/files/drpy_js/LIBVIO[优].js,True,253,.js,,1,1,1,0,True
235,2024-05-15 01:58:31.392104,1,2024-07-21 07:00:46.605295,1,0,ok资源[资],t4/files/drpy_js,t4/files/drpy_js/ok资源[资].js,True,229,.js,,1,1,0,1,True
286,2024-05-16 08:22:11.958736,1,2024-07-21 07:00:46.718793,1,0,人人影视,t4/files/drpy_js,t4/files/drpy_js/人人影视.js,True,280,.js,,1,1,0,0,True
473,2024-06-21 08:12:29.623170,1,2024-07-21 07:00:46.776182,1,0,剧哥哥,t4/files/drpy_js,t4/files/drpy_js/剧哥哥.js,True,467,.js,,1,1,0,0,True
397,2024-06-13 04:47:01.213620,1,2024-07-21 07:00:46.784131,1,0,剧圈圈[自动],t4/files/drpy_js,t4/files/drpy_js/剧圈圈[自动].js,True,391,.js,,1,1,1,0,True
456,2024-06-17 16:35:37.953160,1,2024-07-21 07:00:46.673303,1,0,七色番[漫],t4/files/drpy_js,t4/files/drpy_js/七色番[漫].js,True,450,.js,,1,1,1,0,True
262,2024-05-15 01:58:31.742532,1,2024-07-21 07:00:46.723145,1,0,优酷[官],t4/files/drpy_js,t4/files/drpy_js/优酷[官].js,True,256,.js,,1,1,1,0,True
501,2024-06-28 17:29:39.078850,1,2024-07-21 07:00:46.758816,1,0,冠建影视,t4/files/drpy_js,t4/files/drpy_js/冠建影视.js,True,495,.js,,1,1,0,0,True
465,2024-06-18 16:03:22.703250,1,2024-07-21 07:00:46.771437,1,0,刺猬影视,t4/files/drpy_js,t4/files/drpy_js/刺猬影视.js,True,459,.js,,1,1,0,0,True
416,2024-06-15 06:37:46.295242,1,2024-07-21 07:00:46.792514,1,0,剧集TV,t4/files/drpy_js,t4/files/drpy_js/剧集TV.js,True,410,.js,,1,1,0,0,True
454,2024-06-17 16:35:37.847294,1,2024-07-21 07:00:46.804584,1,0,包子漫画[画],t4/files/drpy_js,t4/files/drpy_js/包子漫画[画].js,True,448,.js,,1,1,1,0,True
455,2024-06-17 16:35:37.940256,1,2024-07-21 07:00:46.839741,1,0,古风漫画[画],t4/files/drpy_js,t4/files/drpy_js/古风漫画[画].js,True,449,.js,,1,1,1,0,True
218,2024-05-10 18:07:08.078221,1,2024-07-21 07:00:46.848473,1,0,可达影视,t4/files/drpy_js,t4/files/drpy_js/可达影视.js,True,212,.js,,1,1,1,0,True
263,2024-05-15 01:58:31.767816,1,2024-07-21 07:00:46.864388,1,0,哔哩影视[官],t4/files/drpy_js,t4/files/drpy_js/哔哩影视[官].js,True,257,.js,?render=1,1,1,1,0,True
443,2024-06-17 16:35:37.514011,1,2024-07-21 07:00:46.868689,1,0,哔哩直播[官],t4/files/drpy_js,t4/files/drpy_js/哔哩直播[官].js,True,437,.js,,1,1,1,0,True
413,2024-06-15 06:37:45.717468,1,2024-07-21 07:00:46.916757,1,0,大师兄影视[优],t4/files/drpy_js,t4/files/drpy_js/大师兄影视[优].js,True,407,.js,,1,1,1,0,True
321,2024-05-25 15:45:01.805493,1,2024-07-21 07:00:46.966118,1,0,如意影视,t4/files/drpy_js,t4/files/drpy_js/如意影视.js,True,315,.js,,1,1,1,0,True
497,2024-06-28 17:29:38.943632,1,2024-07-21 07:00:47.062641,1,0,悠悠影视,t4/files/drpy_js,t4/files/drpy_js/悠悠影视.js,True,491,.js,,1,1,0,0,True
227,2024-05-12 19:13:04.299039,1,2024-07-21 07:00:47.089839,1,0,掌心世界,t4/files/drpy_js,t4/files/drpy_js/掌心世界.js,True,221,.js,,1,1,1,0,True
466,2024-06-19 03:46:08.104083,1,2024-07-21 07:00:47.103789,1,0,文才[资],t4/files/drpy_js,t4/files/drpy_js/文才[资].js,True,460,.js,,1,1,1,1,True
503,2024-06-28 17:29:39.131540,1,2024-07-21 07:00:47.136021,1,0,旺旺影视,t4/files/drpy_js,t4/files/drpy_js/旺旺影视.js,True,497,.js,,1,1,1,0,True
458,2024-06-17 16:35:38.067755,1,2024-07-21 07:00:47.199558,1,0,有声听书网[听],t4/files/drpy_js,t4/files/drpy_js/有声听书网[听].js,True,452,.js,,1,1,1,0,True
370,2024-06-09 11:52:40.571796,1,2024-07-21 07:00:47.208234,1,0,有声绘本网[听],t4/files/drpy_js,t4/files/drpy_js/有声绘本网[听].js,True,364,.js,,1,1,0,0,True
265,2024-05-15 01:58:31.787494,1,2024-07-21 07:00:47.224338,1,0,极速资源[资],t4/files/drpy_js,t4/files/drpy_js/极速资源[资].js,True,259,.js,,1,1,0,1,True
498,2024-06-28 17:29:39.005533,1,2024-07-21 07:00:47.307281,1,0,爱你短剧,t4/files/drpy_js,t4/files/drpy_js/爱你短剧.js,True,492,.js,,1,1,0,0,True
399,2024-06-13 09:30:12.582083,1,2024-07-21 07:00:47.312313,1,0,爱爱影院[密],t4/files/drpy_js,t4/files/drpy_js/爱爱影院[密].js,True,393,.js,,1,1,1,0,True
258,2024-05-15 01:58:31.638360,1,2024-07-21 07:00:47.361322,1,0,玩偶哥哥[盘],t4/files/drpy_js,t4/files/drpy_js/玩偶哥哥[盘].js,True,252,.js,,1,1,0,0,True
277,2024-05-15 10:03:27.706182,1,2024-07-21 07:00:47.392150,1,0,皮皮影视,t4/files/drpy_js,t4/files/drpy_js/皮皮影视.js,True,271,.js,,1,1,0,0,True
527,2024-06-29 18:48:15.322043,1,2024-07-21 07:00:47.410744,1,0,看了么,t4/files/drpy_js,t4/files/drpy_js/看了么.js,True,521,.js,,1,1,1,0,True
414,2024-06-15 06:37:45.820416,1,2024-07-21 07:00:47.422067,1,0,看戏网,t4/files/drpy_js,t4/files/drpy_js/看戏网.js,True,408,.js,,1,1,0,0,True
402,2024-06-13 09:30:13.440049,1,2024-07-21 07:00:47.500804,1,0,绿色仓库[密],t4/files/drpy_js,t4/files/drpy_js/绿色仓库[密].js,True,396,.js,,1,1,0,0,True
531,2024-06-30 11:28:13.490823,1,2024-07-21 07:00:47.532650,1,0,老白故事[听],t4/files/drpy_js,t4/files/drpy_js/老白故事[听].js,True,525,.js,,1,1,1,0,True
300,2024-05-22 15:37:30.492070,1,2024-07-21 07:00:47.568156,1,0,茶语资源[资],t4/files/drpy_js,t4/files/drpy_js/茶语资源[资].js,True,294,.js,,1,1,0,1,True
341,2024-05-29 09:43:51.239377,1,2024-07-21 07:00:47.604570,1,0,蚂蚁影视,t4/files/drpy_js,t4/files/drpy_js/蚂蚁影视.js,True,335,.js,,1,1,0,0,True
359,2024-06-07 10:19:39.557702,1,2024-07-21 07:00:47.617562,1,0,蜡笔[盘],t4/files/drpy_js,t4/files/drpy_js/蜡笔[盘].js,True,353,.js,,1,1,0,0,True
476,2024-06-21 08:12:30.792126,1,2024-07-21 07:00:47.630131,1,0,西瓜影院,t4/files/drpy_js,t4/files/drpy_js/西瓜影院.js,True,470,.js,,1,1,0,0,True
419,2024-06-15 06:37:46.712731,1,2024-07-21 07:00:47.661421,1,0,速播小屋,t4/files/drpy_js,t4/files/drpy_js/速播小屋.js,True,413,.js,,1,1,1,0,True
247,2024-05-15 01:58:31.514489,1,2024-07-21 07:00:47.704942,1,0,金鹰资源[资],t4/files/drpy_js,t4/files/drpy_js/金鹰资源[资].js,True,241,.js,,1,1,0,1,True
535,2024-07-03 09:40:12.393191,1,2024-07-21 07:00:47.751297,1,0,飞鱼影视,t4/files/drpy_js,t4/files/drpy_js/飞鱼影视.js,True,529,.js,,1,1,0,0,True
493,2024-06-28 17:29:38.773312,1,2024-07-21 07:00:47.755734,1,0,饭团影视,t4/files/drpy_js,t4/files/drpy_js/饭团影视.js,True,487,.js,,1,1,0,0,True
252,2024-05-15 01:58:31.566244,1,2024-07-21 07:00:47.777813,1,0,魔都资源[资],t4/files/drpy_js,t4/files/drpy_js/魔都资源[资].js,True,246,.js,,1,1,0,1,True
169,2024-05-06 13:28:59.878600,1,2024-07-21 07:00:47.884374,1,0,jsrsa,t4/files/drpy_libs,t4/files/drpy_libs/jsrsa.js,True,163,.js,,1,0,0,0,True
487,2024-06-27 06:14:29.819792,1,2024-07-21 07:00:47.995478,1,0,live_cntv,t4/files/json,t4/files/json/live_cntv.txt,True,481,.txt,,1,0,0,0,True
298,2024-05-19 02:54:49.850996,1,2024-07-21 07:00:48.150300,1,0,pg.jar,t4/files/jar,t4/files/jar/pg.jar.md5,True,292,.md5,,1,0,0,0,True
450,2024-06-17 16:35:37.714918,1,2024-07-21 07:00:46.515283,1,0,58动漫[漫],t4/files/drpy_js,t4/files/drpy_js/58动漫[漫].js,True,444,.js,,1,1,1,0,True
158,2024-05-06 13:28:59.675887,1,2024-07-21 07:00:46.523263,1,0,777影视,t4/files/drpy_js,t4/files/drpy_js/777影视.js,True,152,.js,,1,1,1,0,True
508,2024-06-28 17:29:39.323715,1,2024-07-21 07:00:46.546843,1,0,auete,t4/files/drpy_js,t4/files/drpy_js/auete.js,True,502,.js,,1,1,1,0,True
392,2024-06-12 02:16:52.993479,1,2024-07-21 07:00:46.652313,1,0,一点视频[密],t4/files/drpy_js,t4/files/drpy_js/一点视频[密].js,True,386,.js,,1,1,1,0,True
417,2024-06-15 06:37:46.302582,1,2024-07-21 07:00:46.661054,1,0,一起看[优],t4/files/drpy_js,t4/files/drpy_js/一起看[优].js,True,411,.js,,1,0,1,0,True
482,2024-06-22 13:52:23.449453,1,2024-07-21 07:00:46.589045,1,0,KTV歌厅[听],t4/files/drpy_js,t4/files/drpy_js/KTV歌厅[听].js,True,476,.js,,1,1,1,0,True
403,2024-06-13 09:30:13.629543,1,2024-07-21 07:00:46.613227,1,0,Pornhub[密],t4/files/drpy_js,t4/files/drpy_js/Pornhub[密].js,True,397,.js,,1,1,1,0,True
479,2024-06-21 09:37:59.801453,1,2024-07-21 07:00:46.629222,1,0,script直播[飞],t4/files/drpy_js,t4/files/drpy_js/script直播[飞].js,True,473,.js,,1,0,0,0,True
533,2024-07-01 03:04:35.733840,1,2024-07-21 07:00:46.682364,1,0,世纪DJ音乐网[听],t4/files/drpy_js,t4/files/drpy_js/世纪DJ音乐网[听].js,True,527,.js,,1,1,0,0,True
404,2024-06-13 09:30:13.762238,1,2024-07-21 07:00:46.700603,1,0,乐草TV[密],t4/files/drpy_js,t4/files/drpy_js/乐草TV[密].js,True,398,.js,,1,1,1,0,True
514,2024-06-28 17:29:39.601902,1,2024-07-21 07:00:46.732685,1,0,你好帅影院,t4/files/drpy_js,t4/files/drpy_js/你好帅影院.js,True,508,.js,,1,1,0,0,True
260,2024-05-15 01:58:31.649950,1,2024-07-21 07:00:46.746121,1,0,兔小贝[儿],t4/files/drpy_js,t4/files/drpy_js/兔小贝[儿].js,True,254,.js,,1,1,0,0,True
507,2024-06-28 17:29:39.297144,1,2024-07-21 07:00:46.767407,1,0,刷剧网,t4/files/drpy_js,t4/files/drpy_js/刷剧网.js,True,501,.js,,1,1,1,0,True
484,2024-06-23 07:44:50.447461,1,2024-07-21 07:00:46.877360,1,0,啊哈DJ[听],t4/files/drpy_js,t4/files/drpy_js/啊哈DJ[听].js,True,478,.js,,1,1,0,0,True
408,2024-06-14 11:29:46.047840,1,2024-07-21 07:00:46.895376,1,0,地瓜视频[密],t4/files/drpy_js,t4/files/drpy_js/地瓜视频[密].js,True,402,.js,,1,1,1,0,True
421,2024-06-15 07:26:03.613655,1,2024-07-21 07:00:46.938205,1,0,天天影视,t4/files/drpy_js,t4/files/drpy_js/天天影视.js,True,415,.js,,1,1,1,0,True
293,2024-05-17 03:38:35.402028,1,2024-07-21 07:00:47.004299,1,0,干饭影视,t4/files/drpy_js,t4/files/drpy_js/干饭影视.js,True,287,.js,,1,1,1,0,True
278,2024-05-15 14:55:44.720454,1,2024-07-21 07:00:47.041640,1,0,影视看吧,t4/files/drpy_js,t4/files/drpy_js/影视看吧.js,True,272,.js,,1,1,1,0,True
310,2024-05-24 11:27:11.379690,1,2024-07-21 07:00:47.046267,1,0,往往影视[慢],t4/files/drpy_js,t4/files/drpy_js/往往影视[慢].js,True,304,.js,,1,1,0,0,True
325,2024-05-26 11:05:14.346694,1,2024-07-21 07:00:47.070911,1,0,我播,t4/files/drpy_js,t4/files/drpy_js/我播.js,True,319,.js,,1,1,0,0,True
306,2024-05-23 10:17:08.251026,1,2024-07-21 07:00:47.118139,1,0,新视觉,t4/files/drpy_js,t4/files/drpy_js/新视觉.js,True,300,.js,,1,1,0,0,True
373,2024-06-09 11:52:40.785964,1,2024-07-21 07:00:47.203812,1,0,有声小说吧[听],t4/files/drpy_js,t4/files/drpy_js/有声小说吧[听].js,True,367,.js,,1,1,0,0,True
511,2024-06-28 17:29:39.454136,1,2024-07-21 07:00:47.255993,1,0,毒蛇电影[优],t4/files/drpy_js,t4/files/drpy_js/毒蛇电影[优].js,True,505,.js,,1,1,1,0,True
311,2024-05-24 11:27:11.451805,1,2024-07-21 07:00:47.329999,1,0,爱看影院,t4/files/drpy_js,t4/files/drpy_js/爱看影院.js,True,305,.js,,1,1,1,0,True
301,2024-05-22 15:37:30.714152,1,2024-07-21 07:00:47.365247,1,0,电影先生,t4/files/drpy_js,t4/files/drpy_js/电影先生.js,True,295,.js,,1,1,0,0,True
351,2024-06-04 16:02:34.463798,1,2024-07-21 07:00:47.434708,1,0,短剧在线,t4/files/drpy_js,t4/files/drpy_js/短剧在线.js,True,345,.js,,1,1,0,0,True
409,2024-06-14 11:29:46.086636,1,2024-07-21 07:00:47.447237,1,0,神仙影视,t4/files/drpy_js,t4/files/drpy_js/神仙影视.js,True,403,.js,,1,1,1,0,True
528,2024-06-29 18:48:15.728118,1,2024-07-21 07:00:47.463186,1,0,童趣[儿],t4/files/drpy_js,t4/files/drpy_js/童趣[儿].js,True,522,.js,,1,1,1,0,True
525,2024-06-29 18:48:15.115202,1,2024-07-21 07:00:47.466895,1,0,笔趣阁13[书],t4/files/drpy_js,t4/files/drpy_js/笔趣阁13[书].js,True,519,.js,,1,0,0,0,True
483,2024-06-23 07:44:50.005863,1,2024-07-21 07:00:47.504797,1,0,网飞.TV,t4/files/drpy_js,t4/files/drpy_js/网飞.TV.js,True,477,.js,,1,1,1,0,True
505,2024-06-28 17:29:39.177992,1,2024-07-21 07:00:47.511018,1,0,网飞啦[自动],t4/files/drpy_js,t4/files/drpy_js/网飞啦[自动].js,True,499,.js,,1,1,1,0,True
261,2024-05-15 01:58:31.674151,1,2024-07-21 07:00:47.564109,1,0,花子动漫[漫],t4/files/drpy_js,t4/files/drpy_js/花子动漫[漫].js,True,255,.js,,1,1,0,0,True
401,2024-06-13 09:30:13.409227,1,2024-07-21 07:00:47.572719,1,0,草莓秒播[密],t4/files/drpy_js,t4/files/drpy_js/草莓秒播[密].js,True,395,.js,,1,1,1,0,True
264,2024-05-15 01:58:31.781694,1,2024-07-21 07:00:47.581984,1,0,菜狗[官],t4/files/drpy_js,t4/files/drpy_js/菜狗[官].js,True,258,.js,,1,1,1,0,True
340,2024-05-29 09:43:51.225532,1,2024-07-21 07:00:47.621240,1,0,被窝电影,t4/files/drpy_js,t4/files/drpy_js/被窝电影.js,True,334,.js,,1,1,1,0,True
426,2024-06-17 10:13:18.768409,1,2024-07-21 07:00:47.657021,1,0,追剧兔,t4/files/drpy_js,t4/files/drpy_js/追剧兔.js,True,420,.js,,1,1,0,0,True
313,2024-05-24 11:27:11.648413,1,2024-07-21 07:00:47.764697,1,0,首发网,t4/files/drpy_js,t4/files/drpy_js/首发网.js,True,307,.js,,1,0,1,0,True
309,2024-05-24 11:27:11.179552,1,2024-07-21 07:00:47.772983,1,0,魔方影视,t4/files/drpy_js,t4/files/drpy_js/魔方影视.js,True,303,.js,,1,1,0,0,True
305,2024-05-22 15:37:31.081034,1,2024-07-21 07:00:47.880714,1,0,jsonpathplus.min,t4/files/drpy_libs,t4/files/drpy_libs/jsonpathplus.min.js,True,299,.js,,1,0,0,0,True
489,2024-06-28 03:59:52.919927,1,2024-07-21 07:00:47.990377,1,0,live_1905,t4/files/json,t4/files/json/live_1905.txt,True,483,.txt,,1,0,0,0,True
297,2024-05-19 02:54:49.604439,1,2024-07-21 07:00:48.032414,1,0,tokenm.readme,t4/files/json,t4/files/json/tokenm.readme.txt,True,291,.txt,,1,0,0,0,True
470,2024-06-20 08:09:36.824176,1,2024-07-21 07:00:48.059624,1,0,采集,t4/files/json,t4/files/json/采集.json,True,464,.json,,1,0,0,0,True
478,2024-06-21 08:12:31.667313,1,2024-07-21 07:00:48.071021,1,0,采集[密],t4/files/json,t4/files/json/采集[密].json,True,472,.json,,1,0,0,0,True
471,2024-06-21 03:08:09.106307,1,2024-07-21 07:00:48.086423,1,0,采集静态,t4/files/json,t4/files/json/采集静态.json,True,465,.json,,1,0,0,0,True
526,2024-06-29 18:48:15.204415,1,2024-07-21 07:00:46.475857,1,0,360吧[球],t4/files/drpy_js,t4/files/drpy_js/360吧[球].js,True,520,.js,,1,1,0,0,True
290,2024-05-16 10:22:36.277247,1,2024-07-21 07:00:46.497646,1,0,4khdr,t4/files/drpy_js,t4/files/drpy_js/4khdr.js,True,284,.js,,1,1,0,1,True
307,2024-05-24 05:50:49.019486,1,2024-07-21 07:00:46.501765,1,0,4k剧院,t4/files/drpy_js,t4/files/drpy_js/4k剧院.js,True,301,.js,,1,1,1,0,True
299,2024-05-22 15:37:30.454440,1,2024-07-21 07:00:46.536711,1,0,8号影院,t4/files/drpy_js,t4/files/drpy_js/8号影院.js,True,293,.js,,1,1,1,0,True
485,2024-06-23 07:44:50.681434,1,2024-07-21 07:00:46.541659,1,0,ASMR[听],t4/files/drpy_js,t4/files/drpy_js/ASMR[听].js,True,479,.js,,1,1,0,0,True
524,2024-06-28 17:29:40.143397,1,2024-07-21 07:00:46.855826,1,0,咖啡影视,t4/files/drpy_js,t4/files/drpy_js/咖啡影视.js,True,518,.js,,1,1,1,0,True
352,2024-06-04 16:02:34.722625,1,2024-07-21 07:00:46.860210,1,0,哈皮影视[优],t4/files/drpy_js,t4/files/drpy_js/哈皮影视[优].js,True,346,.js,,1,1,1,0,True
315,2024-05-24 15:02:58.934514,1,2024-07-21 07:00:46.907765,1,0,大中国,t4/files/drpy_js,t4/files/drpy_js/大中国.js,True,309,.js,,1,1,0,0,True
517,2024-06-28 17:29:39.706881,1,2024-07-21 07:00:46.912831,1,0,大千视界,t4/files/drpy_js,t4/files/drpy_js/大千视界.js,True,511,.js,,1,1,0,0,True
536,2024-07-03 09:40:13.539701,1,2024-07-21 07:00:46.943339,1,0,天龙影院,t4/files/drpy_js,t4/files/drpy_js/天龙影院.js,True,530,.js,,1,1,1,0,True
521,2024-06-28 17:29:39.928800,1,2024-07-21 07:00:46.951658,1,0,奈飞中文[自动],t4/files/drpy_js,t4/files/drpy_js/奈飞中文[自动].js,True,515,.js,,1,1,1,0,True
512,2024-06-28 17:29:39.521892,1,2024-07-21 07:00:46.987924,1,0,小女18[密],t4/files/drpy_js,t4/files/drpy_js/小女18[密].js,True,506,.js,,1,1,0,0,True
342,2024-05-29 16:32:00.072648,1,2024-07-21 07:00:47.017614,1,0,影搜[搜],t4/files/drpy_js,t4/files/drpy_js/影搜[搜].js,True,336,.js,,1,1,0,0,True
502,2024-06-28 17:29:39.085555,1,2024-07-21 07:00:47.021316,1,0,影渣渣影视,t4/files/drpy_js,t4/files/drpy_js/影渣渣影视.js,True,496,.js,,1,1,0,0,True
513,2024-06-28 17:29:39.596409,1,2024-07-21 07:00:47.145070,1,0,易点看影院[自动],t4/files/drpy_js,t4/files/drpy_js/易点看影院[自动].js,True,507,.js,,1,1,1,0,True
230,2024-05-14 08:53:58.895365,1,2024-07-21 07:00:47.149423,1,0,易看影视,t4/files/drpy_js,t4/files/drpy_js/易看影视.js,True,224,.js,,1,1,0,0,True
406,2024-06-14 11:29:44.984180,1,2024-07-21 07:00:47.167553,1,0,星辰CT,t4/files/drpy_js,t4/files/drpy_js/星辰CT.js,True,400,.js,,1,1,0,0,True
314,2024-05-24 15:02:58.712225,1,2024-07-21 07:00:47.176158,1,0,星辰影视,t4/files/drpy_js,t4/files/drpy_js/星辰影视.js,True,308,.js,,1,1,0,0,True
510,2024-06-28 17:29:39.437184,1,2024-07-21 07:00:47.180710,1,0,映播TV,t4/files/drpy_js,t4/files/drpy_js/映播TV.js,True,504,.js,,1,1,0,1,True
339,2024-05-29 09:43:50.994075,1,2024-07-21 07:00:47.185384,1,0,暖光影视,t4/files/drpy_js,t4/files/drpy_js/暖光影视.js,True,333,.js,,1,1,0,0,True
500,2024-06-28 17:29:39.030817,1,2024-07-21 07:00:47.216458,1,0,来看点播[自动],t4/files/drpy_js,t4/files/drpy_js/来看点播[自动].js,True,494,.js,,1,1,1,0,True
486,2024-06-27 06:14:27.794168,1,2024-07-21 07:00:47.397146,1,0,直播转点播[合],t4/files/drpy_js,t4/files/drpy_js/直播转点播[合].js,True,480,.js,?type=url&params=../json/live2cms.json,1,1,1,0,True
317,2024-05-24 15:02:59.308858,1,2024-07-21 07:00:47.430713,1,0,短剧TV网,t4/files/drpy_js,t4/files/drpy_js/短剧TV网.js,True,311,.js,,1,1,0,0,True
504,2024-06-28 17:29:39.137449,1,2024-07-21 07:00:47.451054,1,0,神马影院[自动],t4/files/drpy_js,t4/files/drpy_js/神马影院[自动].js,True,498,.js,,1,1,1,0,True
233,2024-05-15 01:58:31.371139,1,2024-07-21 07:00:47.454841,1,0,神马电影[搜],t4/files/drpy_js,t4/files/drpy_js/神马电影[搜].js,True,227,.js,,1,1,0,0,True
266,2024-05-15 01:58:31.798737,1,2024-07-21 07:00:47.577533,1,0,荐片[优],t4/files/drpy_js,t4/files/drpy_js/荐片[优].js,True,260,.js,,1,1,1,0,True
360,2024-06-07 11:27:00.043484,1,2024-07-21 07:00:47.600570,1,0,虾酱追剧,t4/files/drpy_js,t4/files/drpy_js/虾酱追剧.js,True,354,.js,,1,1,1,0,True
530,2024-06-29 18:48:15.984977,1,2024-07-21 07:00:47.645832,1,0,路漫漫[漫],t4/files/drpy_js,t4/files/drpy_js/路漫漫[漫].js,True,524,.js,,1,1,1,0,True
464,2024-06-18 16:03:22.408803,1,2024-07-21 07:00:47.649590,1,0,路视频[密],t4/files/drpy_js,t4/files/drpy_js/路视频[密].js,True,458,.js,,1,1,1,0,True
405,2024-06-13 09:57:03.147083,1,2024-07-21 07:00:47.672915,1,0,酷云影视,t4/files/drpy_js,t4/files/drpy_js/酷云影视.js,True,399,.js,,1,1,1,0,True
375,2024-06-09 16:28:15.749009,1,2024-07-21 07:00:47.729853,1,0,顶点小说[书],t4/files/drpy_js,t4/files/drpy_js/顶点小说[书].js,True,369,.js,,1,1,1,0,True
461,2024-06-17 16:45:34.704071,1,2024-07-21 07:00:47.738279,1,0,飞刀资源[资],t4/files/drpy_js,t4/files/drpy_js/飞刀资源[资].js,True,455,.js,,1,1,0,1,True
522,2024-06-28 17:29:40.100944,1,2024-07-21 07:00:47.760661,1,0,饺子影院,t4/files/drpy_js,t4/files/drpy_js/饺子影院.js,True,516,.js,,1,1,0,0,True
302,2024-05-22 15:37:30.839785,1,2024-07-21 07:00:47.782064,1,0,鸭奈飞影视,t4/files/drpy_js,t4/files/drpy_js/鸭奈飞影视.js,True,296,.js,,1,1,1,0,True
304,2024-05-22 15:37:30.945724,1,2024-07-21 07:00:47.865325,1,0,jinja,t4/files/drpy_libs,t4/files/drpy_libs/jinja.js,True,298,.js,,1,0,0,0,True
303,2024-05-22 15:37:30.927020,1,2024-07-21 07:00:47.868991,1,0,jinja.min,t4/files/drpy_libs,t4/files/drpy_libs/jinja.min.js,True,297,.js,,1,0,0,0,True
532,2024-07-01 01:07:47.899313,1,2024-07-21 07:00:47.901032,1,0,node-rsa-new,t4/files/drpy_libs,t4/files/drpy_libs/node-rsa-new.js,True,526,.js,,1,0,0,0,True
490,2024-06-28 08:41:05.127187,1,2024-07-21 07:00:47.986544,1,0,lives,t4/files/json,t4/files/json/lives.jpg,True,484,.jpg,,1,0,0,0,True
537,2024-07-04 07:36:34.080705,1,2024-07-21 07:00:48.067191,1,0,采集[zy]静态,t4/files/json,t4/files/json/采集[zy]静态.json,True,531,.json,,1,0,0,0,True
472,2024-06-21 03:08:09.177447,1,2024-07-21 07:00:48.078808,1,0,采集分类生成器,t4/files/json,t4/files/json/采集分类生成器.py,True,466,.py,,1,0,0,0,True
217,2024-05-10 18:07:08.061654,1,2024-07-21 07:00:46.656238,1,0,一起看,t4/files/drpy_js,t4/files/drpy_js/一起看.js,True,211,.js,,1,0,1,0,True
378,2024-06-09 18:53:00.029263,1,2024-07-21 07:00:46.690427,1,0,丫丫电子书[书],t4/files/drpy_js,t4/files/drpy_js/丫丫电子书[书].js,True,372,.js,,1,1,1,0,True
394,2024-06-12 02:16:53.640653,1,2024-07-21 07:00:46.704988,1,0,九妖仓库[密],t4/files/drpy_js,t4/files/drpy_js/九妖仓库[密].js,True,388,.js,,1,1,1,0,True
316,2024-05-24 15:02:59.295906,1,2024-07-21 07:00:46.780384,1,0,剧圈圈,t4/files/drpy_js,t4/files/drpy_js/剧圈圈.js,True,310,.js,,1,1,0,0,True
509,2024-06-28 17:29:39.421704,1,2024-07-21 07:00:46.787849,1,0,剧迷,t4/files/drpy_js,t4/files/drpy_js/剧迷.js,True,503,.js,,1,1,0,0,True
550,2024-07-11 04:24:58.012583,1,2024-07-21 07:00:46.741805,1,0,兄弟影视[优],t4/files/drpy_js,t4/files/drpy_js/兄弟影视[优].js,True,544,.js,,1,1,1,0,True
480,2024-06-21 18:04:29.776016,1,2024-07-21 07:00:46.763157,1,0,分享短视频,t4/files/drpy_js,t4/files/drpy_js/分享短视频.js,True,474,.js,,1,1,0,0,True
552,2024-07-11 04:24:58.146698,1,2024-07-21 07:00:46.872597,1,0,哔嘀影视[优],t4/files/drpy_js,t4/files/drpy_js/哔嘀影视[优].js,True,546,.js,,1,1,1,0,True
554,2024-07-11 04:24:58.259928,1,2024-07-21 07:00:46.992364,1,0,小白菜电影,t4/files/drpy_js,t4/files/drpy_js/小白菜电影.js,True,548,.js,,1,1,1,0,True
557,2024-07-11 04:24:58.346753,1,2024-07-21 07:00:47.075742,1,0,我爱跟剧,t4/files/drpy_js,t4/files/drpy_js/我爱跟剧.js,True,551,.js,,1,1,0,0,True
468,2024-06-20 05:33:14.918191,1,2024-07-21 07:00:47.845157,1,0,drpy_libs,t4/files/drpy_libs,t4/files/drpy_libs/drpy_libs.zip,True,462,.zip,,1,0,0,0,True
539,2024-07-04 07:36:34.264364,1,2024-07-21 07:00:48.063497,1,0,采集[zy],t4/files/json,t4/files/json/采集[zy].json,True,533,.json,,1,0,0,0,True
538,2024-07-04 07:36:34.200843,1,2024-07-21 07:00:48.082730,1,0,采集转换器,t4/files/json,t4/files/json/采集转换器.py,True,532,.py,,1,0,0,0,True
1,2024-02-01 14:31:22.022744,1,2024-07-21 07:00:45.411996,1,0,ad,t4/spiders,t4/spiders/ad.m3u8,True,9999,.m3u8,,1,0,0,0,True
2,2024-02-01 14:31:22.043862,1,2024-07-21 07:00:46.388575,1,0,base_java_loader,t4/spiders,t4/spiders/base_java_loader.py,True,0,.py,,1,1,1,0,False
3,2024-02-01 14:31:22.048522,1,2024-07-21 07:00:46.393400,1,0,base_spider,t4/spiders,t4/spiders/base_spider.json,True,9999,.json,,1,0,0,0,True
14,2024-02-01 14:31:22.093364,1,2024-07-21 07:00:46.453644,1,0,樱花动漫,t4/spiders,t4/spiders/樱花动漫.py,True,14,.py,https://jihulab.com/qiaoji/open/-/raw/main/yinghua,1,1,1,0,True
400,2024-06-13 09:30:12.734734,1,2024-07-21 07:00:46.462108,1,0,29片库[密],t4/files/drpy_js,t4/files/drpy_js/29片库[密].js,True,394,.js,,1,1,1,0,True
540,2024-07-11 04:24:57.751284,1,2024-07-21 07:00:46.471139,1,0,348电影网,t4/files/drpy_js,t4/files/drpy_js/348电影网.js,True,534,.js,,1,1,1,0,True
241,2024-05-15 01:58:31.470023,1,2024-07-21 07:00:46.480404,1,0,360影视[官],t4/files/drpy_js,t4/files/drpy_js/360影视[官].js,True,235,.js,,1,1,1,0,True
529,2024-06-29 18:48:15.739336,1,2024-07-21 07:00:46.484481,1,0,36直播[密],t4/files/drpy_js,t4/files/drpy_js/36直播[密].js,True,523,.js,,1,0,0,0,True
541,2024-07-11 04:24:57.773781,1,2024-07-21 07:00:46.488361,1,0,420电影院,t4/files/drpy_js,t4/files/drpy_js/420电影院.jsd,True,535,.jsd,,1,0,0,0,True
542,2024-07-11 04:24:57.778047,1,2024-07-21 07:00:46.492869,1,0,4K-AV,t4/files/drpy_js,t4/files/drpy_js/4K-AV.js,True,536,.js,,1,1,1,1,True
543,2024-07-11 04:24:57.791103,1,2024-07-21 07:00:46.505832,1,0,539影视,t4/files/drpy_js,t4/files/drpy_js/539影视.js,True,537,.js,,1,1,0,0,True
56,2024-02-02 16:38:12.276321,1,2024-07-21 07:00:46.511131,1,0,555影视[飞],t4/files/drpy_js,t4/files/drpy_js/555影视[飞].js,True,56,.js,,1,1,1,0,True
356,2024-06-06 09:12:14.548884,1,2024-07-21 07:00:46.528700,1,0,7猫小说[书],t4/files/drpy_js,t4/files/drpy_js/7猫小说[书].js,True,350,.js,,1,1,1,0,True
544,2024-07-11 04:24:57.838430,1,2024-07-21 07:00:46.555317,1,0,B站影视,t4/files/drpy_js,t4/files/drpy_js/B站影视.js,True,538,.js,,1,1,1,0,True
545,2024-07-11 04:24:57.846950,1,2024-07-21 07:00:46.568330,1,0,FreeOKLOL,t4/files/drpy_js,t4/files/drpy_js/FreeOKLOL.js,True,539,.js,,1,1,1,0,True
420,2024-06-15 06:37:46.766840,1,2024-07-21 07:00:46.585193,1,0,iku喵[资],t4/files/drpy_js,t4/files/drpy_js/iku喵[资].js,True,414,.js,,1,1,0,1,True
546,2024-07-11 04:24:57.897755,1,2024-07-21 07:00:46.617051,1,0,PTT[优],t4/files/drpy_js,t4/files/drpy_js/PTT[优].js,True,540,.js,,1,1,1,0,True
547,2024-07-11 04:24:57.902316,1,2024-07-21 07:00:46.621238,1,0,PTT追剧大师,t4/files/drpy_js,t4/files/drpy_js/PTT追剧大师.js,True,541,.js,,1,1,1,0,True
312,2024-05-24 11:27:11.568540,1,2024-07-21 07:00:46.640493,1,0,一号影院[搜],t4/files/drpy_js,t4/files/drpy_js/一号影院[搜].js,True,306,.js,,1,1,0,0,True
463,2024-06-18 16:03:22.235527,1,2024-07-21 07:00:46.669285,1,0,七新电影网,t4/files/drpy_js,t4/files/drpy_js/七新电影网.js,True,457,.js,,1,1,1,0,True
499,2024-06-28 17:29:39.012694,1,2024-07-21 07:00:46.678350,1,0,三集电影[自动],t4/files/drpy_js,t4/files/drpy_js/三集电影[自动].js,True,493,.js,,1,1,1,0,True
548,2024-07-11 04:24:57.964545,1,2024-07-21 07:00:46.686166,1,0,两个BT,t4/files/drpy_js,t4/files/drpy_js/两个BT.js,True,542,.js,,1,1,1,0,True
422,2024-06-15 07:26:04.357302,1,2024-07-21 07:00:46.710462,1,0,九牛电影,t4/files/drpy_js,t4/files/drpy_js/九牛电影.js,True,416,.js,,1,1,0,0,True
549,2024-07-11 04:24:57.999153,1,2024-07-21 07:00:46.728615,1,0,低端,t4/files/drpy_js,t4/files/drpy_js/低端.js,True,543,.js,,1,1,0,0,True
551,2024-07-11 04:24:58.080321,1,2024-07-21 07:00:46.808479,1,0,北川影视,t4/files/drpy_js,t4/files/drpy_js/北川影视.js,True,545,.js,,1,1,1,0,True
506,2024-06-28 17:29:39.273349,1,2024-07-21 07:00:46.885994,1,0,嘀哩嘀哩,t4/files/drpy_js,t4/files/drpy_js/嘀哩嘀哩.js,True,500,.js,,1,1,0,0,True
553,2024-07-11 04:24:58.246918,1,2024-07-21 07:00:46.979301,1,0,宇航影视,t4/files/drpy_js,t4/files/drpy_js/宇航影视.js,True,547,.js,,1,0,0,0,True
555,2024-07-11 04:24:58.298195,1,2024-07-21 07:00:47.030086,1,0,影视工厂,t4/files/drpy_js,t4/files/drpy_js/影视工厂.js,True,549,.js,,1,1,0,0,True
556,2024-07-11 04:24:58.302616,1,2024-07-21 07:00:47.033817,1,0,影视工场,t4/files/drpy_js,t4/files/drpy_js/影视工场.js,True,550,.js,,1,1,1,0,True
563,2024-07-11 04:24:58.558030,1,2024-07-21 07:00:47.302427,1,0,爱优影视[自动],t4/files/drpy_js,t4/files/drpy_js/爱优影视[自动].js,True,557,.js,,1,1,1,0,True
520,2024-06-28 17:29:39.901488,1,2024-07-21 07:00:47.418344,1,0,看客视频,t4/files/drpy_js,t4/files/drpy_js/看客视频.js,True,514,.js,,1,1,1,0,True
353,2024-06-04 16:02:34.734751,1,2024-07-21 07:00:47.470891,1,0,笔趣阁[书],t4/files/drpy_js,t4/files/drpy_js/笔趣阁[书].js,True,347,.js,,1,1,1,0,True
534,2024-07-02 09:37:40.061626,1,2024-07-21 07:00:47.710814,1,0,闪雷电,t4/files/drpy_js,t4/files/drpy_js/闪雷电.js,True,528,.js,,1,1,0,0,True
491,2024-06-28 17:29:38.486352,1,2024-07-21 07:00:47.742928,1,0,飞狗影院[密],t4/files/drpy_js,t4/files/drpy_js/飞狗影院[密].js,True,485,.js,,1,1,1,0,True
398,2024-06-13 09:30:12.352712,1,2024-07-21 07:00:47.795457,1,0,黑料不打烊[密],t4/files/drpy_js,t4/files/drpy_js/黑料不打烊[密].js,True,392,.js,,1,1,0,0,True
523,2024-06-28 17:29:40.121992,1,2024-07-21 07:00:47.127655,1,0,无忧影视,t4/files/drpy_js,t4/files/drpy_js/无忧影视.js,True,517,.js,,1,1,0,0,True
558,2024-07-11 04:24:58.424822,1,2024-07-21 07:00:47.163162,1,0,星芽短剧[优],t4/files/drpy_js,t4/files/drpy_js/星芽短剧[优].js,True,552,.js,,1,1,0,0,True
562,2024-07-11 04:24:58.538079,1,2024-07-21 07:00:47.281234,1,0,火狐影视,t4/files/drpy_js,t4/files/drpy_js/火狐影视.js,True,556,.js,,1,1,0,0,True
567,2024-07-11 04:24:58.778672,1,2024-07-21 07:00:47.554789,1,0,至臻[盘],t4/files/drpy_js,t4/files/drpy_js/至臻[盘].js,True,561,.js,,1,1,0,0,True
172,2024-05-06 13:28:59.919464,1,2024-07-21 07:00:47.872694,1,0,jsencrypt,t4/files/drpy_libs,t4/files/drpy_libs/jsencrypt.js,True,166,.js,,1,0,0,0,True
559,2024-07-11 04:24:58.470372,1,2024-07-21 07:00:47.212648,1,0,朴樱影视,t4/files/drpy_js,t4/files/drpy_js/朴樱影视.js,True,553,.js,,1,1,1,0,True
560,2024-07-11 04:24:58.486380,1,2024-07-21 07:00:47.228773,1,0,桃子影视[优],t4/files/drpy_js,t4/files/drpy_js/桃子影视[优].js,True,554,.js,,1,1,1,0,True
565,2024-07-11 04:24:58.597063,1,2024-07-21 07:00:47.347310,1,0,爱迪影视,t4/files/drpy_js,t4/files/drpy_js/爱迪影视.js,True,559,.js,,1,1,1,0,True
94,2024-03-10 11:22:54.446128,1,2024-07-21 07:00:48.263612,1,0,cilixiongp,t4/files/drpy3_js,t4/files/drpy3_js/cilixiongp.js,True,88,.js,,1,0,0,0,True
115,2024-03-10 11:22:54.545975,1,2024-07-21 07:00:48.431304,1,0,template,t4/files/drpy3_js,t4/files/drpy3_js/template.js,False,109,.js,,1,0,0,0,True
561,2024-07-11 04:24:58.499122,1,2024-07-21 07:00:47.240114,1,0,樱花影视,t4/files/drpy_js,t4/files/drpy_js/樱花影视.jsd,True,555,.jsd,,1,0,0,0,True
518,2024-06-28 17:29:39.813248,1,2024-07-21 07:00:47.271533,1,0,游子视频,t4/files/drpy_js,t4/files/drpy_js/游子视频.js,True,512,.js,,1,1,0,0,True
469,2024-06-20 08:09:35.210993,1,2024-07-21 07:00:47.685462,1,0,采集之王[合],t4/files/drpy_js,t4/files/drpy_js/采集之王[合].js,True,463,.js,"?type=url&params=../json/采集静态.json$1@采王道长[合]
?type=url&params=../json/采集[zy]静态.json$1@采王zy[密]
?type=url&params=../json/采集[密]静态.json@采王成人[密]",1,1,1,0,True
588,2024-07-21 06:28:38.224492,1,2024-07-21 07:00:47.586558,1,0,萌番[漫],t4/files/drpy_js,t4/files/drpy_js/萌番[漫].js,True,582,.js,,1,1,0,0,True
593,2024-07-21 06:28:38.726190,1,2024-07-21 07:00:48.120101,1,0,robots,t4/files/txt,t4/files/txt/robots.txt,True,587,.txt,,1,0,0,0,True
224,2024-05-11 18:13:00.525395,1,2024-07-21 07:00:48.422781,1,0,白嫖影视,t4/files/drpy3_js,t4/files/drpy3_js/白嫖影视.js,True,218,.js,,1,0,0,0,True
582,2024-07-21 06:28:37.782445,1,2024-07-21 07:00:47.099577,1,0,文才2[资],t4/files/drpy_js,t4/files/drpy_js/文才2[资].js,True,576,.js,,1,1,0,1,True
583,2024-07-21 06:28:37.802406,1,2024-07-21 07:00:47.122710,1,0,旋风视频,t4/files/drpy_js,t4/files/drpy_js/旋风视频.js,True,577,.js,,1,1,1,0,True
331,2024-05-27 12:03:03.995243,1,2024-07-21 07:00:47.320780,1,0,爱看农民2[优],t4/files/drpy_js,t4/files/drpy_js/爱看农民2[优].js,True,325,.js,,1,1,1,1,True
564,2024-07-11 04:24:58.589462,1,2024-07-21 07:00:47.338412,1,0,爱看短剧[盘],t4/files/drpy_js,t4/files/drpy_js/爱看短剧[盘].js,True,558,.js,,1,1,0,0,True
428,2024-06-17 16:02:19.755238,1,2024-07-21 07:00:47.356383,1,0,猫视界,t4/files/drpy_js,t4/files/drpy_js/猫视界.js,True,422,.js,,1,1,0,0,True
584,2024-07-21 06:28:38.030974,1,2024-07-21 07:00:47.374064,1,0,番号资源[密],t4/files/drpy_js,t4/files/drpy_js/番号资源[密].js,True,578,.js,,1,1,1,0,True
585,2024-07-21 06:28:38.108911,1,2024-07-21 07:00:47.459086,1,0,种子音乐[听],t4/files/drpy_js,t4/files/drpy_js/种子音乐[听].js,True,579,.js,,1,1,0,0,True
566,2024-07-11 04:24:58.715716,1,2024-07-21 07:00:47.483540,1,0,米爱影视,t4/files/drpy_js,t4/files/drpy_js/米爱影视.js,True,560,.js,,1,1,1,0,True
586,2024-07-21 06:28:38.191581,1,2024-07-21 07:00:47.550678,1,0,臭蛋蛋,t4/files/drpy_js,t4/files/drpy_js/臭蛋蛋.js,True,580,.js,,1,1,1,0,True
587,2024-07-21 06:28:38.199630,1,2024-07-21 07:00:47.559958,1,0,色库[密],t4/files/drpy_js,t4/files/drpy_js/色库[密].js,True,581,.js,,1,1,1,0,True
568,2024-07-11 04:24:58.863950,1,2024-07-21 07:00:47.653275,1,0,达达龟,t4/files/drpy_js,t4/files/drpy_js/达达龟.js,True,562,.js,,1,1,0,0,True
589,2024-07-21 06:28:38.299581,1,2024-07-21 07:00:47.665446,1,0,速讯影院,t4/files/drpy_js,t4/files/drpy_js/速讯影院.js,True,583,.js,,1,1,1,0,True
590,2024-07-21 06:28:38.303646,1,2024-07-21 07:00:47.669178,1,0,那兔视频,t4/files/drpy_js,t4/files/drpy_js/那兔视频.js,True,584,.js,,1,1,1,0,True
280,2024-05-16 08:22:11.751243,1,2024-07-21 07:00:47.677232,1,0,酷客影视,t4/files/drpy_js,t4/files/drpy_js/酷客影视.js,True,274,.js,,1,1,0,0,True
572,2024-07-13 13:30:35.902880,1,2024-07-21 07:00:47.681105,1,0,酷我听书[听],t4/files/drpy_js,t4/files/drpy_js/酷我听书[听].js,True,566,.js,,1,1,1,0,True
569,2024-07-13 13:30:34.544697,1,2024-07-21 07:00:46.409831,1,0,emby,t4/spiders,t4/spiders/emby.json,True,563,.json,,1,0,0,0,True
570,2024-07-13 13:30:34.553157,1,2024-07-21 07:00:46.413851,1,0,emby,t4/spiders,t4/spiders/emby.py,True,564,.py,,1,1,1,0,True
577,2024-07-21 06:28:37.170209,1,2024-07-21 07:00:46.457724,1,0,01看球[球],t4/files/drpy_js,t4/files/drpy_js/01看球[球].js,True,571,.js,,1,1,0,0,True
578,2024-07-21 06:28:37.184299,1,2024-07-21 07:00:46.467053,1,0,310直播[球],t4/files/drpy_js,t4/files/drpy_js/310直播[球].js,True,572,.js,,1,0,0,0,True
574,2024-07-17 12:40:20.729200,1,2024-07-21 07:00:46.560460,1,0,cally66,t4/files/drpy_js,t4/files/drpy_js/cally66.js,True,568,.js,,1,1,1,0,True
591,2024-07-21 06:28:38.332042,1,2024-07-21 07:00:47.699728,1,0,金牌影院,t4/files/drpy_js,t4/files/drpy_js/金牌影院.js,True,585,.js,,1,1,0,0,True
573,2024-07-13 13:30:36.111061,1,2024-07-21 07:00:47.876906,1,0,json5,t4/files/drpy_libs,t4/files/drpy_libs/json5.js,True,567,.js,,1,0,0,0,True
173,2024-05-06 13:28:59.982973,1,2024-07-21 07:00:47.948038,1,0,alishare.ebook,t4/files/json,t4/files/json/alishare.ebook.txt,True,167,.txt,,1,0,0,0,True
576,2024-07-17 12:40:23.455546,1,2024-07-21 07:00:48.047915,1,0,哔哩大全,t4/files/json,t4/files/json/哔哩大全.json,True,570,.json,,1,0,0,0,True
592,2024-07-21 06:28:38.659476,1,2024-07-21 07:00:48.051573,1,0,哔哩教育,t4/files/json,t4/files/json/哔哩教育.json,True,586,.json,,1,0,0,0,True
579,2024-07-21 06:28:37.356525,1,2024-07-21 07:00:46.644690,1,0,一支穿云箭,t4/files/drpy_js,t4/files/drpy_js/一支穿云箭.js,True,573,.js,,1,1,1,0,True
575,2024-07-17 12:40:20.893283,1,2024-07-21 07:00:46.648558,1,0,一曲肝肠断,t4/files/drpy_js,t4/files/drpy_js/一曲肝肠断.js,True,569,.js,,1,0,0,0,True
580,2024-07-21 06:28:37.404862,1,2024-07-21 07:00:46.696115,1,0,中华听书网[听],t4/files/drpy_js,t4/files/drpy_js/中华听书网[听].js,True,574,.js,,1,1,0,0,True
581,2024-07-21 06:28:37.555910,1,2024-07-21 07:00:46.852139,1,0,咕咕番[漫],t4/files/drpy_js,t4/files/drpy_js/咕咕番[漫].js,True,575,.js,,1,1,0,0,True
571,2024-07-13 13:30:35.039236,1,2024-07-21 07:00:46.881774,1,0,喜马拉雅[听],t4/files/drpy_js,t4/files/drpy_js/喜马拉雅[听].js,True,565,.js,,1,1,0,0,True
